"file","caption","alt_text","category","png_time","StartTime"
"bio1_sizeatage.png","Length at age in the beginning of the year (or season) in the ending year of the model. Shaded area indicates 95% distribution of length at age around estimated growth curve.",NA,"Bio",2024-05-15 13:16:07,"StartTime: Wed May 15 13:00:11 2024"
"bio2_sizeatage_plus_CV_and_SD.png","Length at age (top-left panel) with CV (thick line) and SD (thin line) of length at age shown in top-right and lower-left panels",NA,"Bio",2024-05-15 13:16:07,"StartTime: Wed May 15 13:00:11 2024"
"bio3_sizeatage_plus_WT_and_MAT.png","Length at age (top-left panel) with weight (thick line) and maturity (thin line) shown in top-right and lower-left panels",NA,"Bio",2024-05-15 13:16:07,"StartTime: Wed May 15 13:00:11 2024"
"bio1B_len_at_age_matrix_1.png","Distribution of length at age for seas: 1 sub_seas: 1 morph: 1",NA,"Bio",2024-05-15 13:16:07,"StartTime: Wed May 15 13:00:11 2024"
"bio1B_len_at_age_matrix_2.png","Distribution of length at age for seas: 1 sub_seas: 2 morph: 1",NA,"Bio",2024-05-15 13:16:07,"StartTime: Wed May 15 13:00:11 2024"
"bio1B_len_at_age_matrix_3.png","Distribution of length at age for seas: 2 sub_seas: 1 morph: 1",NA,"Bio",2024-05-15 13:16:07,"StartTime: Wed May 15 13:00:11 2024"
"bio1B_len_at_age_matrix_4.png","Distribution of length at age for seas: 2 sub_seas: 2 morph: 1",NA,"Bio",2024-05-15 13:16:07,"StartTime: Wed May 15 13:00:11 2024"
"bio1B_len_at_age_matrix_5.png","Distribution of length at age for seas: 3 sub_seas: 1 morph: 1",NA,"Bio",2024-05-15 13:16:07,"StartTime: Wed May 15 13:00:11 2024"
"bio1B_len_at_age_matrix_6.png","Distribution of length at age for seas: 3 sub_seas: 2 morph: 1",NA,"Bio",2024-05-15 13:16:07,"StartTime: Wed May 15 13:00:11 2024"
"bio1B_len_at_age_matrix_7.png","Distribution of length at age for seas: 4 sub_seas: 1 morph: 1",NA,"Bio",2024-05-15 13:16:07,"StartTime: Wed May 15 13:00:11 2024"
"bio1B_len_at_age_matrix_8.png","Distribution of length at age for seas: 4 sub_seas: 2 morph: 1",NA,"Bio",2024-05-15 13:16:07,"StartTime: Wed May 15 13:00:11 2024"
"bio5_weightatsize.png","Weight-length relationship",NA,"Bio",2024-05-15 13:16:07,"StartTime: Wed May 15 13:00:11 2024"
"bio6_maturity.png","Maturity at age",NA,"Bio",2024-05-15 13:16:07,"StartTime: Wed May 15 13:00:11 2024"
"bio7_fecundity.png","Fecundity",NA,"Bio",2024-05-15 13:16:07,"StartTime: Wed May 15 13:00:11 2024"
"bio8_fecundity_wt.png","Fecundity as a function of weight",NA,"Bio",2024-05-15 13:16:07,"StartTime: Wed May 15 13:00:11 2024"
"bio9_fecundity_len.png","Fecundity as a function of length",NA,"Bio",2024-05-15 13:16:07,"StartTime: Wed May 15 13:00:11 2024"
"bio10_spawningoutput_len.png","Spawning output at length. This is the product of maturity and fecundity unless maturity is age-based, in which case only fecundity is represented.",NA,"Bio",2024-05-15 13:16:07,"StartTime: Wed May 15 13:00:11 2024"
"bio11_spawningoutput_age.png","Spawning output at age. This is the product of maturity and fecundity. When these processes are length-based they are converted into the age dimension using the matrix of length at age.",NA,"Bio",2024-05-15 13:16:07,"StartTime: Wed May 15 13:00:11 2024"
"sel01_multiple_fleets_length1.png","Selectivity at length for multiple fleets.",NA,"Sel",2024-05-15 13:16:07,"StartTime: Wed May 15 13:00:11 2024"
"sel02_multiple_fleets_age1.png","Selectivity at age derived from selectivity at length for multiple fleets.",NA,"Sel",2024-05-15 13:16:07,"StartTime: Wed May 15 13:00:11 2024"
"sel09_len_flt1sex1.png","Ending year selectivity for fishing_gi_1",NA,"Sel",2024-05-15 13:16:07,"StartTime: Wed May 15 13:00:11 2024"
"sel09_len_flt2sex1.png","Ending year selectivity for fishing_gi_4",NA,"Sel",2024-05-15 13:16:07,"StartTime: Wed May 15 13:00:11 2024"
"sel09_len_flt3sex1.png","Ending year selectivity for fishing_hd_1",NA,"Sel",2024-05-15 13:16:07,"StartTime: Wed May 15 13:00:11 2024"
"sel09_len_flt4sex1.png","Ending year selectivity for fishing_ll_1",NA,"Sel",2024-05-15 13:16:07,"StartTime: Wed May 15 13:00:11 2024"
"sel09_len_flt5sex1.png","Ending year selectivity for fishing_ll_2",NA,"Sel",2024-05-15 13:16:07,"StartTime: Wed May 15 13:00:11 2024"
"sel09_len_flt6sex1.png","Ending year selectivity for fishing_ll_3",NA,"Sel",2024-05-15 13:16:07,"StartTime: Wed May 15 13:00:11 2024"
"sel09_len_flt7sex1.png","Ending year selectivity for fishing_ll_4",NA,"Sel",2024-05-15 13:16:07,"StartTime: Wed May 15 13:00:11 2024"
"sel09_len_flt8sex1.png","Ending year selectivity for fishing_other_1",NA,"Sel",2024-05-15 13:16:07,"StartTime: Wed May 15 13:00:11 2024"
"sel09_len_flt9sex1.png","Ending year selectivity for fishing_other_4",NA,"Sel",2024-05-15 13:16:07,"StartTime: Wed May 15 13:00:11 2024"
"sel09_len_flt10sex1.png","Ending year selectivity for fishing_bb_1",NA,"Sel",2024-05-15 13:16:07,"StartTime: Wed May 15 13:00:11 2024"
"sel09_len_flt11sex1.png","Ending year selectivity for fishing_ps_1",NA,"Sel",2024-05-15 13:16:07,"StartTime: Wed May 15 13:00:11 2024"
"sel09_len_flt12sex1.png","Ending year selectivity for fishing_ps_2",NA,"Sel",2024-05-15 13:16:07,"StartTime: Wed May 15 13:00:11 2024"
"sel09_len_flt13sex1.png","Ending year selectivity for fishing_ps_4",NA,"Sel",2024-05-15 13:16:07,"StartTime: Wed May 15 13:00:11 2024"
"sel09_len_flt14sex1.png","Ending year selectivity for fishing_trol_1",NA,"Sel",2024-05-15 13:16:07,"StartTime: Wed May 15 13:00:11 2024"
"sel09_len_flt15sex1.png","Ending year selectivity for fishing_trol_2",NA,"Sel",2024-05-15 13:16:07,"StartTime: Wed May 15 13:00:11 2024"
"sel09_len_flt16sex1.png","Ending year selectivity for fishing_trol_4",NA,"Sel",2024-05-15 13:16:07,"StartTime: Wed May 15 13:00:11 2024"
"sel09_len_flt17sex1.png","Ending year selectivity for llcpue1",NA,"Sel",2024-05-15 13:16:07,"StartTime: Wed May 15 13:00:11 2024"
"sel09_len_flt18sex1.png","Ending year selectivity for llcpue2",NA,"Sel",2024-05-15 13:16:07,"StartTime: Wed May 15 13:00:11 2024"
"sel09_len_flt19sex1.png","Ending year selectivity for llcpue3",NA,"Sel",2024-05-15 13:16:07,"StartTime: Wed May 15 13:00:11 2024"
"sel09_len_flt20sex1.png","Ending year selectivity for llcpue4",NA,"Sel",2024-05-15 13:16:07,"StartTime: Wed May 15 13:00:11 2024"
"sel21_agelen_contour_flt1sex1.png","Ending year selectivity and growth for fishing_gi_1",NA,"Sel",2024-05-15 13:16:07,"StartTime: Wed May 15 13:00:11 2024"
"sel21_agelen_contour_flt2sex1.png","Ending year selectivity and growth for fishing_gi_4",NA,"Sel",2024-05-15 13:16:07,"StartTime: Wed May 15 13:00:11 2024"
"sel21_agelen_contour_flt3sex1.png","Ending year selectivity and growth for fishing_hd_1",NA,"Sel",2024-05-15 13:16:07,"StartTime: Wed May 15 13:00:11 2024"
"sel21_agelen_contour_flt4sex1.png","Ending year selectivity and growth for fishing_ll_1",NA,"Sel",2024-05-15 13:16:07,"StartTime: Wed May 15 13:00:11 2024"
"sel21_agelen_contour_flt5sex1.png","Ending year selectivity and growth for fishing_ll_2",NA,"Sel",2024-05-15 13:16:07,"StartTime: Wed May 15 13:00:11 2024"
"sel21_agelen_contour_flt6sex1.png","Ending year selectivity and growth for fishing_ll_3",NA,"Sel",2024-05-15 13:16:07,"StartTime: Wed May 15 13:00:11 2024"
"sel21_agelen_contour_flt7sex1.png","Ending year selectivity and growth for fishing_ll_4",NA,"Sel",2024-05-15 13:16:07,"StartTime: Wed May 15 13:00:11 2024"
"sel21_agelen_contour_flt8sex1.png","Ending year selectivity and growth for fishing_other_1",NA,"Sel",2024-05-15 13:16:07,"StartTime: Wed May 15 13:00:11 2024"
"sel21_agelen_contour_flt9sex1.png","Ending year selectivity and growth for fishing_other_4",NA,"Sel",2024-05-15 13:16:07,"StartTime: Wed May 15 13:00:11 2024"
"sel21_agelen_contour_flt10sex1.png","Ending year selectivity and growth for fishing_bb_1",NA,"Sel",2024-05-15 13:16:07,"StartTime: Wed May 15 13:00:11 2024"
"sel21_agelen_contour_flt11sex1.png","Ending year selectivity and growth for fishing_ps_1",NA,"Sel",2024-05-15 13:16:07,"StartTime: Wed May 15 13:00:11 2024"
"sel21_agelen_contour_flt12sex1.png","Ending year selectivity and growth for fishing_ps_2",NA,"Sel",2024-05-15 13:16:07,"StartTime: Wed May 15 13:00:11 2024"
"sel21_agelen_contour_flt13sex1.png","Ending year selectivity and growth for fishing_ps_4",NA,"Sel",2024-05-15 13:16:07,"StartTime: Wed May 15 13:00:11 2024"
"sel21_agelen_contour_flt14sex1.png","Ending year selectivity and growth for fishing_trol_1",NA,"Sel",2024-05-15 13:16:07,"StartTime: Wed May 15 13:00:11 2024"
"sel21_agelen_contour_flt15sex1.png","Ending year selectivity and growth for fishing_trol_2",NA,"Sel",2024-05-15 13:16:07,"StartTime: Wed May 15 13:00:11 2024"
"sel21_agelen_contour_flt16sex1.png","Ending year selectivity and growth for fishing_trol_4",NA,"Sel",2024-05-15 13:16:07,"StartTime: Wed May 15 13:00:11 2024"
"sel21_agelen_contour_flt17sex1.png","Ending year selectivity and growth for llcpue1",NA,"Sel",2024-05-15 13:16:07,"StartTime: Wed May 15 13:00:11 2024"
"sel21_agelen_contour_flt18sex1.png","Ending year selectivity and growth for llcpue2",NA,"Sel",2024-05-15 13:16:07,"StartTime: Wed May 15 13:00:11 2024"
"sel21_agelen_contour_flt19sex1.png","Ending year selectivity and growth for llcpue3",NA,"Sel",2024-05-15 13:16:07,"StartTime: Wed May 15 13:00:11 2024"
"sel21_agelen_contour_flt20sex1.png","Ending year selectivity and growth for llcpue4",NA,"Sel",2024-05-15 13:16:07,"StartTime: Wed May 15 13:00:11 2024"
"ts7_Spawning_biomass_(mt).png","Spawning biomass (mt)",NA,"Timeseries",2024-05-15 13:16:07,"StartTime: Wed May 15 13:00:11 2024"
"ts7_Spawning_biomass_(mt)_with_95_asymptotic_intervals_intervals.png","Spawning biomass (mt) with ~95% asymptotic intervals",NA,"Timeseries",2024-05-15 13:16:07,"StartTime: Wed May 15 13:00:11 2024"
"ts8_Spawning_biomass_(mt)_by_area.png","Spawning biomass (mt) by area",NA,"Timeseries",2024-05-15 13:16:07,"StartTime: Wed May 15 13:00:11 2024"
"ts9_Relative_spawning_biomass.png","Relative spawning biomass: B/B_MSY",NA,"Timeseries",2024-05-15 13:16:07,"StartTime: Wed May 15 13:00:11 2024"
"ts9_Relative_spawning_biomass_intervals.png","Relative spawning biomass: B/B_MSY with ~95% asymptotic intervals",NA,"Timeseries",2024-05-15 13:16:07,"StartTime: Wed May 15 13:00:11 2024"
"ts10_Relative_spawning_biomass.png","Relative spawning biomass: B/B_MSY by area",NA,"Timeseries",2024-05-15 13:16:07,"StartTime: Wed May 15 13:00:11 2024"
"ts1_Total_biomass_(mt).png","Total biomass (mt)",NA,"Timeseries",2024-05-15 13:16:07,"StartTime: Wed May 15 13:00:11 2024"
"ts2_Total_biomass_(mt)_by_area.png","Total biomass (mt) by area",NA,"Timeseries",2024-05-15 13:16:07,"StartTime: Wed May 15 13:00:11 2024"
"ts3_Total_biomass_(mt)_at_beginning_of_season_1_by_area.png","Total biomass (mt) at beginning of season 1 by area",NA,"Timeseries",2024-05-15 13:16:07,"StartTime: Wed May 15 13:00:11 2024"
"ts4_Summary_biomass_(mt).png","Summary biomass (mt)",NA,"Timeseries",2024-05-15 13:16:07,"StartTime: Wed May 15 13:00:11 2024"
"ts5_Summary_biomass_(mt)_by_area.png","Summary biomass (mt) by area",NA,"Timeseries",2024-05-15 13:16:07,"StartTime: Wed May 15 13:00:11 2024"
"ts6_Summary_biomass_(mt)_at_beginning_of_season_1_by_area.png","Summary biomass (mt) at beginning of season 1 by area",NA,"Timeseries",2024-05-15 13:16:07,"StartTime: Wed May 15 13:00:11 2024"
"ts11_Age-0_recruits_(1000s).png","Age-0 recruits (1,000s)",NA,"Timeseries",2024-05-15 13:16:07,"StartTime: Wed May 15 13:00:11 2024"
"ts11_Age-0_recruits_(1000s)_with_95_asymptotic_intervals.png","Age-0 recruits (1,000s) with ~95% asymptotic intervals",NA,"Timeseries",2024-05-15 13:16:07,"StartTime: Wed May 15 13:00:11 2024"
"ts12_Age-0_recruits_(1000s)_by_area.png","Age-0 recruits (1,000s) by area",NA,"Timeseries",2024-05-15 13:16:07,"StartTime: Wed May 15 13:00:11 2024"
"ts13_Fraction_of_total_Age-0_recruits_by_area.png","Fraction of total Age-0 recruits by area",NA,"Timeseries",2024-05-15 13:16:07,"StartTime: Wed May 15 13:00:11 2024"
"ts_summaryF.png","Summary F (definition of F depends on setting in starter.ss)",NA,"Timeseries",2024-05-15 13:16:07,"StartTime: Wed May 15 13:00:11 2024"
"ts_DynamicB0.png","Dynamic B0 plot. The lower line shows the time series of estimated Spawning biomass (mt) in the presence of fishing mortality. The upper line shows the time series that could occur under the same dynamics (including deviations in recruitment), but without fishing. The point at the left represents the unfished equilibrium.",NA,"Timeseries",2024-05-15 13:16:07,"StartTime: Wed May 15 13:00:11 2024"
"recdevs1_points.png","Recruitment deviations",NA,"RecDev",2024-05-15 13:16:07,"StartTime: Wed May 15 13:00:11 2024"
"recdevs2_withbars.png","Recruitment deviations with 95% intervals",NA,"RecDev",2024-05-15 13:16:07,"StartTime: Wed May 15 13:00:11 2024"
"recdevs3_varcheck.png","Recruitment deviations variance check.<br> See later figure of transformed variance values for comparison with bias adjustment settings in the model.",NA,"RecDev",2024-05-15 13:16:07,"StartTime: Wed May 15 13:00:11 2024"
"recruitment_distribution.png","Recruitment distribution by area and season",NA,"Recruitment",2024-05-15 13:16:07,"StartTime: Wed May 15 13:00:11 2024"
"recruit_fit_bias_adjust.png","Points are transformed variances. Red line shows current settings for bias adjustment specified in control file. Blue line shows least squares estimate of alternative bias adjustment relationship for recruitment deviations (which may or may not be an improvement. For more information, see<br> 
<blockquote>Methot, R.D. and Taylor, I.G., 2011. Adjusting for bias due to variability of estimated recruitments in fishery assessment models. <i>Can. J. Fish. Aquat. Sci.</i>, 68:1744-1760.</blockquote><br> 
Estimated alternative inputs to SS control file associated with blue line in figure: 
<pre>1960.9   #_last_early_yr_nobias_adj_in_MPD 
1980.0   #_first_yr_fullbias_adj_in_MPD 
2014.9   #_last_yr_fullbias_adj_in_MPD 
2015.6   #_first_recent_yr_nobias_adj_in_MPD 
0.973  #_max_bias_adj_in_MPD (1.0 to mimic pre-2009 models) </pre>",NA,"RecDev",2024-05-15 13:16:07,"StartTime: Wed May 15 13:00:11 2024"
"SR_curve.png","Stock-recruit curve.  Point colors indicate year, with warmer colors indicating earlier years and cooler colors in showing later years.",NA,"S-R",2024-05-15 13:16:07,"StartTime: Wed May 15 13:00:11 2024"
"SR_curve2.png","Stock-recruit curve with labels on first, last, and years with (log) deviations > 0.5. Point colors indicate year, with warmer colors indicating earlier years and cooler colors in showing later years.",NA,"S-R",2024-05-15 13:16:07,"StartTime: Wed May 15 13:00:11 2024"
"SR_resids.png","Deviations around the stock-recruit curve. Labels are on first, last, and years with (log) deviations > 0.5. Point colors indicate year, with warmer colors indicating earlier years and cooler colors in showing later years.",NA,"S-R",2024-05-15 13:16:07,"StartTime: Wed May 15 13:00:11 2024"
"catch1 landings.png","landings",NA,"Catch",2024-05-15 13:16:07,"StartTime: Wed May 15 13:00:11 2024"
"catch2 landings stacked.png","landings stacked",NA,"Catch",2024-05-15 13:16:07,"StartTime: Wed May 15 13:00:11 2024"
"catch9 harvest rate.png","harvest rate",NA,"Catch",2024-05-15 13:16:07,"StartTime: Wed May 15 13:00:11 2024"
"catch10 landings aggregated across seasons.png"," landings aggregated across seasons",NA,"Catch",2024-05-15 13:16:07,"StartTime: Wed May 15 13:00:11 2024"
"catch11 landings aggregated across seasons stacked.png"," landings aggregated across seasons stacked",NA,"Catch",2024-05-15 13:16:07,"StartTime: Wed May 15 13:00:11 2024"
"SPR1_series.png","Timeseries of SPR. Horizontal line is at SPR at MSY: 0.311",NA,"SPR",2024-05-15 13:16:07,"StartTime: Wed May 15 13:00:11 2024"
"SPR3_ratiointerval.png","Timeseries of SPR ratio: (1-SPR)/(1-SPR_MSY)",NA,"SPR",2024-05-15 13:16:07,"StartTime: Wed May 15 13:00:11 2024"
"index1_cpuedata_llcpue1.png","Index data for llcpue1. Lines indicate 95% uncertainty interval around index values based on the model assumption of lognormal error. Thicker lines (if present) indicate input uncertainty before addition of estimated additional uncertainty parameter.",NA,"Index",2024-05-15 13:16:07,"StartTime: Wed May 15 13:00:11 2024"
"index2_cpuefit_llcpue1.png","Fit to index data for llcpue1. Lines indicate 95% uncertainty interval around index values based on the model assumption of lognormal error. Thicker lines (if present) indicate input uncertainty before addition of estimated additional uncertainty parameter.",NA,"Index",2024-05-15 13:16:07,"StartTime: Wed May 15 13:00:11 2024"
"index3_obs_vs_exp_llcpue1.png","Observed vs. expected index values with smoother for llcpue1",NA,"Index",2024-05-15 13:16:07,"StartTime: Wed May 15 13:00:11 2024"
"index4_logcpuedata_llcpue1.png","Log index data for llcpue1. Lines indicate 95% uncertainty interval around index values based on the model assumption of lognormal error. Thicker lines (if present) indicate input uncertainty before addition of estimated additional uncertainty parameter.",NA,"Index",2024-05-15 13:16:07,"StartTime: Wed May 15 13:00:11 2024"
"index5_logcpuefit_llcpue1.png","Fit to log index data on log scale for llcpue1. Lines indicate 95% uncertainty interval around index values based on the model assumption of lognormal error. Thicker lines (if present) indicate input uncertainty before addition of estimated additional uncertainty parameter.",NA,"Index",2024-05-15 13:16:07,"StartTime: Wed May 15 13:00:11 2024"
"index6_log_obs_vs_exp_llcpue1.png","log(observed) vs. log(expected) index values with smoother for llcpue1",NA,"Index",2024-05-15 13:16:07,"StartTime: Wed May 15 13:00:11 2024"
"index10_resids_SE_total_llcpue1.png","Residuals of fit to index for llcpue1.<br>Values are (log(Obs) - log(Exp))/SE where SE is the total standard error including any estimated additional uncertainty.",NA,"Index",2024-05-15 13:16:07,"StartTime: Wed May 15 13:00:11 2024"
"index12_resids_SE_total_llcpue1.png","Deviations for fit to index for llcpue1.<br>Values are log(Obs) - log(Exp) and thus independent of index uncertainty.",NA,"Index",2024-05-15 13:16:07,"StartTime: Wed May 15 13:00:11 2024"
"index1_cpuedata_llcpue2.png","Index data for llcpue2. Lines indicate 95% uncertainty interval around index values based on the model assumption of lognormal error. Thicker lines (if present) indicate input uncertainty before addition of estimated additional uncertainty parameter.",NA,"Index",2024-05-15 13:16:07,"StartTime: Wed May 15 13:00:11 2024"
"index2_cpuefit_llcpue2.png","Fit to index data for llcpue2. Lines indicate 95% uncertainty interval around index values based on the model assumption of lognormal error. Thicker lines (if present) indicate input uncertainty before addition of estimated additional uncertainty parameter.",NA,"Index",2024-05-15 13:16:07,"StartTime: Wed May 15 13:00:11 2024"
"index3_obs_vs_exp_llcpue2.png","Observed vs. expected index values with smoother for llcpue2",NA,"Index",2024-05-15 13:16:07,"StartTime: Wed May 15 13:00:11 2024"
"index4_logcpuedata_llcpue2.png","Log index data for llcpue2. Lines indicate 95% uncertainty interval around index values based on the model assumption of lognormal error. Thicker lines (if present) indicate input uncertainty before addition of estimated additional uncertainty parameter.",NA,"Index",2024-05-15 13:16:07,"StartTime: Wed May 15 13:00:11 2024"
"index5_logcpuefit_llcpue2.png","Fit to log index data on log scale for llcpue2. Lines indicate 95% uncertainty interval around index values based on the model assumption of lognormal error. Thicker lines (if present) indicate input uncertainty before addition of estimated additional uncertainty parameter.",NA,"Index",2024-05-15 13:16:07,"StartTime: Wed May 15 13:00:11 2024"
"index6_log_obs_vs_exp_llcpue2.png","log(observed) vs. log(expected) index values with smoother for llcpue2",NA,"Index",2024-05-15 13:16:07,"StartTime: Wed May 15 13:00:11 2024"
"index10_resids_SE_total_llcpue2.png","Residuals of fit to index for llcpue2.<br>Values are (log(Obs) - log(Exp))/SE where SE is the total standard error including any estimated additional uncertainty.",NA,"Index",2024-05-15 13:16:07,"StartTime: Wed May 15 13:00:11 2024"
"index12_resids_SE_total_llcpue2.png","Deviations for fit to index for llcpue2.<br>Values are log(Obs) - log(Exp) and thus independent of index uncertainty.",NA,"Index",2024-05-15 13:16:07,"StartTime: Wed May 15 13:00:11 2024"
"index1_cpuedata_llcpue3.png","Index data for llcpue3. Lines indicate 95% uncertainty interval around index values based on the model assumption of lognormal error. Thicker lines (if present) indicate input uncertainty before addition of estimated additional uncertainty parameter.",NA,"Index",2024-05-15 13:16:07,"StartTime: Wed May 15 13:00:11 2024"
"index2_cpuefit_llcpue3.png","Fit to index data for llcpue3. Lines indicate 95% uncertainty interval around index values based on the model assumption of lognormal error. Thicker lines (if present) indicate input uncertainty before addition of estimated additional uncertainty parameter.",NA,"Index",2024-05-15 13:16:07,"StartTime: Wed May 15 13:00:11 2024"
"index3_obs_vs_exp_llcpue3.png","Observed vs. expected index values with smoother for llcpue3",NA,"Index",2024-05-15 13:16:07,"StartTime: Wed May 15 13:00:11 2024"
"index4_logcpuedata_llcpue3.png","Log index data for llcpue3. Lines indicate 95% uncertainty interval around index values based on the model assumption of lognormal error. Thicker lines (if present) indicate input uncertainty before addition of estimated additional uncertainty parameter.",NA,"Index",2024-05-15 13:16:07,"StartTime: Wed May 15 13:00:11 2024"
"index5_logcpuefit_llcpue3.png","Fit to log index data on log scale for llcpue3. Lines indicate 95% uncertainty interval around index values based on the model assumption of lognormal error. Thicker lines (if present) indicate input uncertainty before addition of estimated additional uncertainty parameter.",NA,"Index",2024-05-15 13:16:07,"StartTime: Wed May 15 13:00:11 2024"
"index6_log_obs_vs_exp_llcpue3.png","log(observed) vs. log(expected) index values with smoother for llcpue3",NA,"Index",2024-05-15 13:16:07,"StartTime: Wed May 15 13:00:11 2024"
"index10_resids_SE_total_llcpue3.png","Residuals of fit to index for llcpue3.<br>Values are (log(Obs) - log(Exp))/SE where SE is the total standard error including any estimated additional uncertainty.",NA,"Index",2024-05-15 13:16:07,"StartTime: Wed May 15 13:00:11 2024"
"index12_resids_SE_total_llcpue3.png","Deviations for fit to index for llcpue3.<br>Values are log(Obs) - log(Exp) and thus independent of index uncertainty.",NA,"Index",2024-05-15 13:16:07,"StartTime: Wed May 15 13:00:11 2024"
"index1_cpuedata_llcpue4.png","Index data for llcpue4. Lines indicate 95% uncertainty interval around index values based on the model assumption of lognormal error. Thicker lines (if present) indicate input uncertainty before addition of estimated additional uncertainty parameter.",NA,"Index",2024-05-15 13:16:07,"StartTime: Wed May 15 13:00:11 2024"
"index2_cpuefit_llcpue4.png","Fit to index data for llcpue4. Lines indicate 95% uncertainty interval around index values based on the model assumption of lognormal error. Thicker lines (if present) indicate input uncertainty before addition of estimated additional uncertainty parameter.",NA,"Index",2024-05-15 13:16:07,"StartTime: Wed May 15 13:00:11 2024"
"index3_obs_vs_exp_llcpue4.png","Observed vs. expected index values with smoother for llcpue4",NA,"Index",2024-05-15 13:16:07,"StartTime: Wed May 15 13:00:11 2024"
"index4_logcpuedata_llcpue4.png","Log index data for llcpue4. Lines indicate 95% uncertainty interval around index values based on the model assumption of lognormal error. Thicker lines (if present) indicate input uncertainty before addition of estimated additional uncertainty parameter.",NA,"Index",2024-05-15 13:16:07,"StartTime: Wed May 15 13:00:11 2024"
"index5_logcpuefit_llcpue4.png","Fit to log index data on log scale for llcpue4. Lines indicate 95% uncertainty interval around index values based on the model assumption of lognormal error. Thicker lines (if present) indicate input uncertainty before addition of estimated additional uncertainty parameter.",NA,"Index",2024-05-15 13:16:07,"StartTime: Wed May 15 13:00:11 2024"
"index6_log_obs_vs_exp_llcpue4.png","log(observed) vs. log(expected) index values with smoother for llcpue4",NA,"Index",2024-05-15 13:16:07,"StartTime: Wed May 15 13:00:11 2024"
"index10_resids_SE_total_llcpue4.png","Residuals of fit to index for llcpue4.<br>Values are (log(Obs) - log(Exp))/SE where SE is the total standard error including any estimated additional uncertainty.",NA,"Index",2024-05-15 13:16:07,"StartTime: Wed May 15 13:00:11 2024"
"index12_resids_SE_total_llcpue4.png","Deviations for fit to index for llcpue4.<br>Values are log(Obs) - log(Exp) and thus independent of index uncertainty.",NA,"Index",2024-05-15 13:16:07,"StartTime: Wed May 15 13:00:11 2024"
"index9_standcpueall.png","Standardized indices overlaid. Each index is rescaled to have mean observation = 1.0.",NA,"Index",2024-05-15 13:16:07,"StartTime: Wed May 15 13:00:11 2024"
"numbers1_area1_sex1_beg.png","Beginning of season 1 expected numbers at age in area1 in (max ~ 695.4 million)",NA,"Numbers",2024-05-15 13:16:07,"StartTime: Wed May 15 13:00:11 2024"
"numbers1_area1_sex1_mid.png","Middle of season 1 expected numbers at age in area1 in (max ~ 596.9 million)",NA,"Numbers",2024-05-15 13:16:07,"StartTime: Wed May 15 13:00:11 2024"
"numbers1_area2_sex1_beg.png","Beginning of season 1 expected numbers at age in area2 in (max ~ 485.7 million)",NA,"Numbers",2024-05-15 13:16:07,"StartTime: Wed May 15 13:00:11 2024"
"numbers1_area2_sex1_mid.png","Middle of season 1 expected numbers at age in area2 in (max ~ 416.9 million)",NA,"Numbers",2024-05-15 13:16:07,"StartTime: Wed May 15 13:00:11 2024"
"numbers1_area3_sex1_beg.png","Beginning of season 1 expected numbers at age in area3 in (max ~ 269.8 million)",NA,"Numbers",2024-05-15 13:16:07,"StartTime: Wed May 15 13:00:11 2024"
"numbers1_area3_sex1_mid.png","Middle of season 1 expected numbers at age in area3 in (max ~ 231.5 million)",NA,"Numbers",2024-05-15 13:16:07,"StartTime: Wed May 15 13:00:11 2024"
"numbers1_area4_sex1_beg.png","Beginning of season 1 expected numbers at age in area4 in (max ~ 242.2 million)",NA,"Numbers",2024-05-15 13:16:07,"StartTime: Wed May 15 13:00:11 2024"
"numbers1_area4_sex1_mid.png","Middle of season 1 expected numbers at age in area4 in (max ~ 207.9 million)",NA,"Numbers",2024-05-15 13:16:07,"StartTime: Wed May 15 13:00:11 2024"
"numbers6_len_area1_sex1.png","Beginning of season 1 expected numbers at length in area1 in (max ~ 519.9 million)",NA,"Numbers",2024-05-15 13:16:07,"StartTime: Wed May 15 13:00:11 2024"
"numbers6_len_area1_sex1.png","Middle of season 1 expected numbers at length in area1 in (max ~ 238.1 million)",NA,"Numbers",2024-05-15 13:16:07,"StartTime: Wed May 15 13:00:11 2024"
"numbers6_len_area2_sex1.png","Beginning of season 1 expected numbers at length in area2 in (max ~ 363.1 million)",NA,"Numbers",2024-05-15 13:16:07,"StartTime: Wed May 15 13:00:11 2024"
"numbers6_len_area2_sex1.png","Middle of season 1 expected numbers at length in area2 in (max ~ 166.3 million)",NA,"Numbers",2024-05-15 13:16:07,"StartTime: Wed May 15 13:00:11 2024"
"numbers6_len_area3_sex1.png","Beginning of season 1 expected numbers at length in area3 in (max ~ 201.7 million)",NA,"Numbers",2024-05-15 13:16:07,"StartTime: Wed May 15 13:00:11 2024"
"numbers6_len_area3_sex1.png","Middle of season 1 expected numbers at length in area3 in (max ~ 92.4 million)",NA,"Numbers",2024-05-15 13:16:07,"StartTime: Wed May 15 13:00:11 2024"
"numbers6_len_area4_sex1.png","Beginning of season 1 expected numbers at length in area4 in (max ~ 181.1 million)",NA,"Numbers",2024-05-15 13:16:07,"StartTime: Wed May 15 13:00:11 2024"
"numbers6_len_area4_sex1.png","Middle of season 1 expected numbers at length in area4 in (max ~ 82.9 million)",NA,"Numbers",2024-05-15 13:16:07,"StartTime: Wed May 15 13:00:11 2024"
"numbers4_equilagecomp.png","Equilibrium age distribution",NA,"Numbers",2024-05-15 13:16:07,"StartTime: Wed May 15 13:00:11 2024"
"comp_lendat__aggregated_across_time.png","Length comp data, aggregated across time by fleet.
 <br> Labels 'retained' and 'discard' indicate discarded or retained sampled for each fleet. Panels without this designation represent the whole catch.
",NA,"CompDat",2024-05-15 13:16:07,"StartTime: Wed May 15 13:00:11 2024"
"comp_lendat__page1_multi-fleet_comparison.png","Length comp data,  comparing across fleets (plot 1 of 3)",NA,"CompDat",2024-05-15 13:16:07,"StartTime: Wed May 15 13:00:11 2024"
"comp_lendat__page2_multi-fleet_comparison.png","Length comp data,  comparing across fleets (plot 2 of 3)",NA,"CompDat",2024-05-15 13:16:07,"StartTime: Wed May 15 13:00:11 2024"
"comp_lendat__page3_multi-fleet_comparison.png","Length comp data,  comparing across fleets (plot 3 of 3)",NA,"CompDat",2024-05-15 13:16:07,"StartTime: Wed May 15 13:00:11 2024"
"comp_lendat_flt1mkt0.png","Length comp data, whole catch, fishing_gi_1.<br><br>'N adj.' is the input sample size after data-weighting adjustment. N eff. is the calculated effective sample size used in the McAllister-Ianelli tuning method.",NA,"CompDat",2024-05-15 13:16:07,"StartTime: Wed May 15 13:00:11 2024"
"comp_lendat_bubflt1mkt0.png","Length comp data, whole catch, fishing_gi_1 (max=0.23)",NA,"CompDat",2024-05-15 13:16:07,"StartTime: Wed May 15 13:00:11 2024"
"comp_lendat_data_weighting_TA1.8_fishing_gi_1.png","Mean length for fishing_gi_1 with 95% confidence intervals based on current samples sizes.",NA,"CompDat",2024-05-15 13:16:07,"StartTime: Wed May 15 13:00:11 2024"
"comp_lendat_flt2mkt0_page1.png","Length comp data, whole catch, fishing_gi_4 (plot 1 of 3).<br><br>'N adj.' is the input sample size after data-weighting adjustment. N eff. is the calculated effective sample size used in the McAllister-Ianelli tuning method.",NA,"CompDat",2024-05-15 13:16:07,"StartTime: Wed May 15 13:00:11 2024"
"comp_lendat_flt2mkt0_page2.png","Length comp data, whole catch, fishing_gi_4 (plot 1 of 3).<br><br>'N adj.' is the input sample size after data-weighting adjustment. N eff. is the calculated effective sample size used in the McAllister-Ianelli tuning method. (plot 2 of 3)",NA,"CompDat",2024-05-15 13:16:07,"StartTime: Wed May 15 13:00:11 2024"
"comp_lendat_flt2mkt0_page3.png","Length comp data, whole catch, fishing_gi_4 (plot 1 of 3).<br><br>'N adj.' is the input sample size after data-weighting adjustment. N eff. is the calculated effective sample size used in the McAllister-Ianelli tuning method. (plot 2 of 3) (plot 3 of 3)",NA,"CompDat",2024-05-15 13:16:07,"StartTime: Wed May 15 13:00:11 2024"
"comp_lendat_bubflt2mkt0_page3.png","Length comp data, whole catch, fishing_gi_4 (max=0.36) (plot 3 of 3)",NA,"CompDat",2024-05-15 13:16:07,"StartTime: Wed May 15 13:00:11 2024"
"comp_lendat_data_weighting_TA1.8_fishing_gi_4.png","Mean length for fishing_gi_4 with 95% confidence intervals based on current samples sizes.",NA,"CompDat",2024-05-15 13:16:07,"StartTime: Wed May 15 13:00:11 2024"
"comp_lendat_flt3mkt0_page1.png","Length comp data, whole catch, fishing_hd_1 (plot 1 of 2).<br><br>'N adj.' is the input sample size after data-weighting adjustment. N eff. is the calculated effective sample size used in the McAllister-Ianelli tuning method.",NA,"CompDat",2024-05-15 13:16:07,"StartTime: Wed May 15 13:00:11 2024"
"comp_lendat_flt3mkt0_page2.png","Length comp data, whole catch, fishing_hd_1 (plot 1 of 2).<br><br>'N adj.' is the input sample size after data-weighting adjustment. N eff. is the calculated effective sample size used in the McAllister-Ianelli tuning method. (plot 2 of 2)",NA,"CompDat",2024-05-15 13:16:07,"StartTime: Wed May 15 13:00:11 2024"
"comp_lendat_bubflt3mkt0_page2.png","Length comp data, whole catch, fishing_hd_1 (max=0.37) (plot 2 of 2)",NA,"CompDat",2024-05-15 13:16:07,"StartTime: Wed May 15 13:00:11 2024"
"comp_lendat_data_weighting_TA1.8_fishing_hd_1.png","Mean length for fishing_hd_1 with 95% confidence intervals based on current samples sizes.",NA,"CompDat",2024-05-15 13:16:07,"StartTime: Wed May 15 13:00:11 2024"
"comp_lendat_flt4mkt0_page1.png","Length comp data, whole catch, fishing_ll_1 (plot 1 of 7).<br><br>'N adj.' is the input sample size after data-weighting adjustment. N eff. is the calculated effective sample size used in the McAllister-Ianelli tuning method.",NA,"CompDat",2024-05-15 13:16:07,"StartTime: Wed May 15 13:00:11 2024"
"comp_lendat_flt4mkt0_page2.png","Length comp data, whole catch, fishing_ll_1 (plot 1 of 7).<br><br>'N adj.' is the input sample size after data-weighting adjustment. N eff. is the calculated effective sample size used in the McAllister-Ianelli tuning method. (plot 2 of 7)",NA,"CompDat",2024-05-15 13:16:07,"StartTime: Wed May 15 13:00:11 2024"
"comp_lendat_flt4mkt0_page3.png","Length comp data, whole catch, fishing_ll_1 (plot 1 of 7).<br><br>'N adj.' is the input sample size after data-weighting adjustment. N eff. is the calculated effective sample size used in the McAllister-Ianelli tuning method. (plot 2 of 7) (plot 3 of 7)",NA,"CompDat",2024-05-15 13:16:07,"StartTime: Wed May 15 13:00:11 2024"
"comp_lendat_flt4mkt0_page4.png","Length comp data, whole catch, fishing_ll_1 (plot 1 of 7).<br><br>'N adj.' is the input sample size after data-weighting adjustment. N eff. is the calculated effective sample size used in the McAllister-Ianelli tuning method. (plot 2 of 7) (plot 3 of 7) (plot 4 of 7)",NA,"CompDat",2024-05-15 13:16:07,"StartTime: Wed May 15 13:00:11 2024"
"comp_lendat_flt4mkt0_page5.png","Length comp data, whole catch, fishing_ll_1 (plot 1 of 7).<br><br>'N adj.' is the input sample size after data-weighting adjustment. N eff. is the calculated effective sample size used in the McAllister-Ianelli tuning method. (plot 2 of 7) (plot 3 of 7) (plot 4 of 7) (plot 5 of 7)",NA,"CompDat",2024-05-15 13:16:07,"StartTime: Wed May 15 13:00:11 2024"
"comp_lendat_flt4mkt0_page6.png","Length comp data, whole catch, fishing_ll_1 (plot 1 of 7).<br><br>'N adj.' is the input sample size after data-weighting adjustment. N eff. is the calculated effective sample size used in the McAllister-Ianelli tuning method. (plot 2 of 7) (plot 3 of 7) (plot 4 of 7) (plot 5 of 7) (plot 6 of 7)",NA,"CompDat",2024-05-15 13:16:07,"StartTime: Wed May 15 13:00:11 2024"
"comp_lendat_flt4mkt0_page7.png","Length comp data, whole catch, fishing_ll_1 (plot 1 of 7).<br><br>'N adj.' is the input sample size after data-weighting adjustment. N eff. is the calculated effective sample size used in the McAllister-Ianelli tuning method. (plot 2 of 7) (plot 3 of 7) (plot 4 of 7) (plot 5 of 7) (plot 6 of 7) (plot 7 of 7)",NA,"CompDat",2024-05-15 13:16:07,"StartTime: Wed May 15 13:00:11 2024"
"comp_lendat_bubflt4mkt0_page7.png","Length comp data, whole catch, fishing_ll_1 (max=0.46) (plot 7 of 7)",NA,"CompDat",2024-05-15 13:16:07,"StartTime: Wed May 15 13:00:11 2024"
"comp_lendat_data_weighting_TA1.8_fishing_ll_1.png","Mean length for fishing_ll_1 with 95% confidence intervals based on current samples sizes.",NA,"CompDat",2024-05-15 13:16:07,"StartTime: Wed May 15 13:00:11 2024"
"comp_lendat_flt5mkt0_page1.png","Length comp data, whole catch, fishing_ll_2 (plot 1 of 4).<br><br>'N adj.' is the input sample size after data-weighting adjustment. N eff. is the calculated effective sample size used in the McAllister-Ianelli tuning method.",NA,"CompDat",2024-05-15 13:16:07,"StartTime: Wed May 15 13:00:11 2024"
"comp_lendat_flt5mkt0_page2.png","Length comp data, whole catch, fishing_ll_2 (plot 1 of 4).<br><br>'N adj.' is the input sample size after data-weighting adjustment. N eff. is the calculated effective sample size used in the McAllister-Ianelli tuning method. (plot 2 of 4)",NA,"CompDat",2024-05-15 13:16:07,"StartTime: Wed May 15 13:00:11 2024"
"comp_lendat_flt5mkt0_page3.png","Length comp data, whole catch, fishing_ll_2 (plot 1 of 4).<br><br>'N adj.' is the input sample size after data-weighting adjustment. N eff. is the calculated effective sample size used in the McAllister-Ianelli tuning method. (plot 2 of 4) (plot 3 of 4)",NA,"CompDat",2024-05-15 13:16:07,"StartTime: Wed May 15 13:00:11 2024"
"comp_lendat_flt5mkt0_page4.png","Length comp data, whole catch, fishing_ll_2 (plot 1 of 4).<br><br>'N adj.' is the input sample size after data-weighting adjustment. N eff. is the calculated effective sample size used in the McAllister-Ianelli tuning method. (plot 2 of 4) (plot 3 of 4) (plot 4 of 4)",NA,"CompDat",2024-05-15 13:16:07,"StartTime: Wed May 15 13:00:11 2024"
"comp_lendat_bubflt5mkt0_page4.png","Length comp data, whole catch, fishing_ll_2 (max=1) (plot 4 of 4)",NA,"CompDat",2024-05-15 13:16:07,"StartTime: Wed May 15 13:00:11 2024"
"comp_lendat_data_weighting_TA1.8_fishing_ll_2.png","Mean length for fishing_ll_2 with 95% confidence intervals based on current samples sizes.",NA,"CompDat",2024-05-15 13:16:07,"StartTime: Wed May 15 13:00:11 2024"
"comp_lendat_flt6mkt0.png","Length comp data, whole catch, fishing_ll_3.<br><br>'N adj.' is the input sample size after data-weighting adjustment. N eff. is the calculated effective sample size used in the McAllister-Ianelli tuning method.",NA,"CompDat",2024-05-15 13:16:07,"StartTime: Wed May 15 13:00:11 2024"
"comp_lendat_bubflt6mkt0.png","Length comp data, whole catch, fishing_ll_3 (max=1)",NA,"CompDat",2024-05-15 13:16:07,"StartTime: Wed May 15 13:00:11 2024"
"comp_lendat_data_weighting_TA1.8_fishing_ll_3.png","Mean length for fishing_ll_3 with 95% confidence intervals based on current samples sizes.",NA,"CompDat",2024-05-15 13:16:07,"StartTime: Wed May 15 13:00:11 2024"
"comp_lendat_flt7mkt0_page1.png","Length comp data, whole catch, fishing_ll_4 (plot 1 of 8).<br><br>'N adj.' is the input sample size after data-weighting adjustment. N eff. is the calculated effective sample size used in the McAllister-Ianelli tuning method.",NA,"CompDat",2024-05-15 13:16:07,"StartTime: Wed May 15 13:00:11 2024"
"comp_lendat_flt7mkt0_page2.png","Length comp data, whole catch, fishing_ll_4 (plot 1 of 8).<br><br>'N adj.' is the input sample size after data-weighting adjustment. N eff. is the calculated effective sample size used in the McAllister-Ianelli tuning method. (plot 2 of 8)",NA,"CompDat",2024-05-15 13:16:07,"StartTime: Wed May 15 13:00:11 2024"
"comp_lendat_flt7mkt0_page3.png","Length comp data, whole catch, fishing_ll_4 (plot 1 of 8).<br><br>'N adj.' is the input sample size after data-weighting adjustment. N eff. is the calculated effective sample size used in the McAllister-Ianelli tuning method. (plot 2 of 8) (plot 3 of 8)",NA,"CompDat",2024-05-15 13:16:07,"StartTime: Wed May 15 13:00:11 2024"
"comp_lendat_flt7mkt0_page4.png","Length comp data, whole catch, fishing_ll_4 (plot 1 of 8).<br><br>'N adj.' is the input sample size after data-weighting adjustment. N eff. is the calculated effective sample size used in the McAllister-Ianelli tuning method. (plot 2 of 8) (plot 3 of 8) (plot 4 of 8)",NA,"CompDat",2024-05-15 13:16:07,"StartTime: Wed May 15 13:00:11 2024"
"comp_lendat_flt7mkt0_page5.png","Length comp data, whole catch, fishing_ll_4 (plot 1 of 8).<br><br>'N adj.' is the input sample size after data-weighting adjustment. N eff. is the calculated effective sample size used in the McAllister-Ianelli tuning method. (plot 2 of 8) (plot 3 of 8) (plot 4 of 8) (plot 5 of 8)",NA,"CompDat",2024-05-15 13:16:07,"StartTime: Wed May 15 13:00:11 2024"
"comp_lendat_flt7mkt0_page6.png","Length comp data, whole catch, fishing_ll_4 (plot 1 of 8).<br><br>'N adj.' is the input sample size after data-weighting adjustment. N eff. is the calculated effective sample size used in the McAllister-Ianelli tuning method. (plot 2 of 8) (plot 3 of 8) (plot 4 of 8) (plot 5 of 8) (plot 6 of 8)",NA,"CompDat",2024-05-15 13:16:07,"StartTime: Wed May 15 13:00:11 2024"
"comp_lendat_flt7mkt0_page7.png","Length comp data, whole catch, fishing_ll_4 (plot 1 of 8).<br><br>'N adj.' is the input sample size after data-weighting adjustment. N eff. is the calculated effective sample size used in the McAllister-Ianelli tuning method. (plot 2 of 8) (plot 3 of 8) (plot 4 of 8) (plot 5 of 8) (plot 6 of 8) (plot 7 of 8)",NA,"CompDat",2024-05-15 13:16:07,"StartTime: Wed May 15 13:00:11 2024"
"comp_lendat_flt7mkt0_page8.png","Length comp data, whole catch, fishing_ll_4 (plot 1 of 8).<br><br>'N adj.' is the input sample size after data-weighting adjustment. N eff. is the calculated effective sample size used in the McAllister-Ianelli tuning method. (plot 2 of 8) (plot 3 of 8) (plot 4 of 8) (plot 5 of 8) (plot 6 of 8) (plot 7 of 8) (plot 8 of 8)",NA,"CompDat",2024-05-15 13:16:07,"StartTime: Wed May 15 13:00:11 2024"
"comp_lendat_bubflt7mkt0_page8.png","Length comp data, whole catch, fishing_ll_4 (max=0.33) (plot 8 of 8)",NA,"CompDat",2024-05-15 13:16:07,"StartTime: Wed May 15 13:00:11 2024"
"comp_lendat_data_weighting_TA1.8_fishing_ll_4.png","Mean length for fishing_ll_4 with 95% confidence intervals based on current samples sizes.",NA,"CompDat",2024-05-15 13:16:07,"StartTime: Wed May 15 13:00:11 2024"
"comp_lendat_flt8mkt0_page1.png","Length comp data, whole catch, fishing_other_1 (plot 1 of 3).<br><br>'N adj.' is the input sample size after data-weighting adjustment. N eff. is the calculated effective sample size used in the McAllister-Ianelli tuning method.",NA,"CompDat",2024-05-15 13:16:07,"StartTime: Wed May 15 13:00:11 2024"
"comp_lendat_flt8mkt0_page2.png","Length comp data, whole catch, fishing_other_1 (plot 1 of 3).<br><br>'N adj.' is the input sample size after data-weighting adjustment. N eff. is the calculated effective sample size used in the McAllister-Ianelli tuning method. (plot 2 of 3)",NA,"CompDat",2024-05-15 13:16:07,"StartTime: Wed May 15 13:00:11 2024"
"comp_lendat_flt8mkt0_page3.png","Length comp data, whole catch, fishing_other_1 (plot 1 of 3).<br><br>'N adj.' is the input sample size after data-weighting adjustment. N eff. is the calculated effective sample size used in the McAllister-Ianelli tuning method. (plot 2 of 3) (plot 3 of 3)",NA,"CompDat",2024-05-15 13:16:07,"StartTime: Wed May 15 13:00:11 2024"
"comp_lendat_bubflt8mkt0_page3.png","Length comp data, whole catch, fishing_other_1 (max=0.32) (plot 3 of 3)",NA,"CompDat",2024-05-15 13:16:07,"StartTime: Wed May 15 13:00:11 2024"
"comp_lendat_data_weighting_TA1.8_fishing_other_1.png","Mean length for fishing_other_1 with 95% confidence intervals based on current samples sizes.",NA,"CompDat",2024-05-15 13:16:07,"StartTime: Wed May 15 13:00:11 2024"
"comp_lendat_flt9mkt0.png","Length comp data, whole catch, fishing_other_4.<br><br>'N adj.' is the input sample size after data-weighting adjustment. N eff. is the calculated effective sample size used in the McAllister-Ianelli tuning method.",NA,"CompDat",2024-05-15 13:16:07,"StartTime: Wed May 15 13:00:11 2024"
"comp_lendat_bubflt9mkt0.png","Length comp data, whole catch, fishing_other_4 (max=0.5)",NA,"CompDat",2024-05-15 13:16:07,"StartTime: Wed May 15 13:00:11 2024"
"comp_lendat_data_weighting_TA1.8_fishing_other_4.png","Mean length for fishing_other_4 with 95% confidence intervals based on current samples sizes.",NA,"CompDat",2024-05-15 13:16:07,"StartTime: Wed May 15 13:00:11 2024"
"comp_lendat_flt10mkt0_page1.png","Length comp data, whole catch, fishing_bb_1 (plot 1 of 5).<br><br>'N adj.' is the input sample size after data-weighting adjustment. N eff. is the calculated effective sample size used in the McAllister-Ianelli tuning method.",NA,"CompDat",2024-05-15 13:16:07,"StartTime: Wed May 15 13:00:11 2024"
"comp_lendat_flt10mkt0_page2.png","Length comp data, whole catch, fishing_bb_1 (plot 1 of 5).<br><br>'N adj.' is the input sample size after data-weighting adjustment. N eff. is the calculated effective sample size used in the McAllister-Ianelli tuning method. (plot 2 of 5)",NA,"CompDat",2024-05-15 13:16:07,"StartTime: Wed May 15 13:00:11 2024"
"comp_lendat_flt10mkt0_page3.png","Length comp data, whole catch, fishing_bb_1 (plot 1 of 5).<br><br>'N adj.' is the input sample size after data-weighting adjustment. N eff. is the calculated effective sample size used in the McAllister-Ianelli tuning method. (plot 2 of 5) (plot 3 of 5)",NA,"CompDat",2024-05-15 13:16:07,"StartTime: Wed May 15 13:00:11 2024"
"comp_lendat_flt10mkt0_page4.png","Length comp data, whole catch, fishing_bb_1 (plot 1 of 5).<br><br>'N adj.' is the input sample size after data-weighting adjustment. N eff. is the calculated effective sample size used in the McAllister-Ianelli tuning method. (plot 2 of 5) (plot 3 of 5) (plot 4 of 5)",NA,"CompDat",2024-05-15 13:16:07,"StartTime: Wed May 15 13:00:11 2024"
"comp_lendat_flt10mkt0_page5.png","Length comp data, whole catch, fishing_bb_1 (plot 1 of 5).<br><br>'N adj.' is the input sample size after data-weighting adjustment. N eff. is the calculated effective sample size used in the McAllister-Ianelli tuning method. (plot 2 of 5) (plot 3 of 5) (plot 4 of 5) (plot 5 of 5)",NA,"CompDat",2024-05-15 13:16:07,"StartTime: Wed May 15 13:00:11 2024"
"comp_lendat_bubflt10mkt0_page5.png","Length comp data, whole catch, fishing_bb_1 (max=0.47) (plot 5 of 5)",NA,"CompDat",2024-05-15 13:16:07,"StartTime: Wed May 15 13:00:11 2024"
"comp_lendat_data_weighting_TA1.8_fishing_bb_1.png","Mean length for fishing_bb_1 with 95% confidence intervals based on current samples sizes.",NA,"CompDat",2024-05-15 13:16:07,"StartTime: Wed May 15 13:00:11 2024"
"comp_lendat_flt11mkt0_page1.png","Length comp data, whole catch, fishing_ps_1 (plot 1 of 6).<br><br>'N adj.' is the input sample size after data-weighting adjustment. N eff. is the calculated effective sample size used in the McAllister-Ianelli tuning method.",NA,"CompDat",2024-05-15 13:16:07,"StartTime: Wed May 15 13:00:11 2024"
"comp_lendat_flt11mkt0_page2.png","Length comp data, whole catch, fishing_ps_1 (plot 1 of 6).<br><br>'N adj.' is the input sample size after data-weighting adjustment. N eff. is the calculated effective sample size used in the McAllister-Ianelli tuning method. (plot 2 of 6)",NA,"CompDat",2024-05-15 13:16:07,"StartTime: Wed May 15 13:00:11 2024"
"comp_lendat_flt11mkt0_page3.png","Length comp data, whole catch, fishing_ps_1 (plot 1 of 6).<br><br>'N adj.' is the input sample size after data-weighting adjustment. N eff. is the calculated effective sample size used in the McAllister-Ianelli tuning method. (plot 2 of 6) (plot 3 of 6)",NA,"CompDat",2024-05-15 13:16:07,"StartTime: Wed May 15 13:00:11 2024"
"comp_lendat_flt11mkt0_page4.png","Length comp data, whole catch, fishing_ps_1 (plot 1 of 6).<br><br>'N adj.' is the input sample size after data-weighting adjustment. N eff. is the calculated effective sample size used in the McAllister-Ianelli tuning method. (plot 2 of 6) (plot 3 of 6) (plot 4 of 6)",NA,"CompDat",2024-05-15 13:16:07,"StartTime: Wed May 15 13:00:11 2024"
"comp_lendat_flt11mkt0_page5.png","Length comp data, whole catch, fishing_ps_1 (plot 1 of 6).<br><br>'N adj.' is the input sample size after data-weighting adjustment. N eff. is the calculated effective sample size used in the McAllister-Ianelli tuning method. (plot 2 of 6) (plot 3 of 6) (plot 4 of 6) (plot 5 of 6)",NA,"CompDat",2024-05-15 13:16:07,"StartTime: Wed May 15 13:00:11 2024"
"comp_lendat_flt11mkt0_page6.png","Length comp data, whole catch, fishing_ps_1 (plot 1 of 6).<br><br>'N adj.' is the input sample size after data-weighting adjustment. N eff. is the calculated effective sample size used in the McAllister-Ianelli tuning method. (plot 2 of 6) (plot 3 of 6) (plot 4 of 6) (plot 5 of 6) (plot 6 of 6)",NA,"CompDat",2024-05-15 13:16:07,"StartTime: Wed May 15 13:00:11 2024"
"comp_lendat_bubflt11mkt0_page6.png","Length comp data, whole catch, fishing_ps_1 (max=0.29) (plot 6 of 6)",NA,"CompDat",2024-05-15 13:16:07,"StartTime: Wed May 15 13:00:11 2024"
"comp_lendat_data_weighting_TA1.8_fishing_ps_1.png","Mean length for fishing_ps_1 with 95% confidence intervals based on current samples sizes.",NA,"CompDat",2024-05-15 13:16:07,"StartTime: Wed May 15 13:00:11 2024"
"comp_lendat_flt12mkt0_page1.png","Length comp data, whole catch, fishing_ps_2 (plot 1 of 3).<br><br>'N adj.' is the input sample size after data-weighting adjustment. N eff. is the calculated effective sample size used in the McAllister-Ianelli tuning method.",NA,"CompDat",2024-05-15 13:16:07,"StartTime: Wed May 15 13:00:11 2024"
"comp_lendat_flt12mkt0_page2.png","Length comp data, whole catch, fishing_ps_2 (plot 1 of 3).<br><br>'N adj.' is the input sample size after data-weighting adjustment. N eff. is the calculated effective sample size used in the McAllister-Ianelli tuning method. (plot 2 of 3)",NA,"CompDat",2024-05-15 13:16:07,"StartTime: Wed May 15 13:00:11 2024"
"comp_lendat_flt12mkt0_page3.png","Length comp data, whole catch, fishing_ps_2 (plot 1 of 3).<br><br>'N adj.' is the input sample size after data-weighting adjustment. N eff. is the calculated effective sample size used in the McAllister-Ianelli tuning method. (plot 2 of 3) (plot 3 of 3)",NA,"CompDat",2024-05-15 13:16:07,"StartTime: Wed May 15 13:00:11 2024"
"comp_lendat_bubflt12mkt0_page3.png","Length comp data, whole catch, fishing_ps_2 (max=0.28) (plot 3 of 3)",NA,"CompDat",2024-05-15 13:16:07,"StartTime: Wed May 15 13:00:11 2024"
"comp_lendat_data_weighting_TA1.8_fishing_ps_2.png","Mean length for fishing_ps_2 with 95% confidence intervals based on current samples sizes.",NA,"CompDat",2024-05-15 13:16:07,"StartTime: Wed May 15 13:00:11 2024"
"comp_lendat_flt13mkt0_page1.png","Length comp data, whole catch, fishing_ps_4 (plot 1 of 2).<br><br>'N adj.' is the input sample size after data-weighting adjustment. N eff. is the calculated effective sample size used in the McAllister-Ianelli tuning method.",NA,"CompDat",2024-05-15 13:16:07,"StartTime: Wed May 15 13:00:11 2024"
"comp_lendat_flt13mkt0_page2.png","Length comp data, whole catch, fishing_ps_4 (plot 1 of 2).<br><br>'N adj.' is the input sample size after data-weighting adjustment. N eff. is the calculated effective sample size used in the McAllister-Ianelli tuning method. (plot 2 of 2)",NA,"CompDat",2024-05-15 13:16:07,"StartTime: Wed May 15 13:00:11 2024"
"comp_lendat_bubflt13mkt0_page2.png","Length comp data, whole catch, fishing_ps_4 (max=0.32) (plot 2 of 2)",NA,"CompDat",2024-05-15 13:16:07,"StartTime: Wed May 15 13:00:11 2024"
"comp_lendat_data_weighting_TA1.8_fishing_ps_4.png","Mean length for fishing_ps_4 with 95% confidence intervals based on current samples sizes.",NA,"CompDat",2024-05-15 13:16:07,"StartTime: Wed May 15 13:00:11 2024"
"comp_lendat_flt14mkt0.png","Length comp data, whole catch, fishing_trol_1.<br><br>'N adj.' is the input sample size after data-weighting adjustment. N eff. is the calculated effective sample size used in the McAllister-Ianelli tuning method.",NA,"CompDat",2024-05-15 13:16:07,"StartTime: Wed May 15 13:00:11 2024"
"comp_lendat_bubflt14mkt0.png","Length comp data, whole catch, fishing_trol_1 (max=0.25)",NA,"CompDat",2024-05-15 13:16:07,"StartTime: Wed May 15 13:00:11 2024"
"comp_lendat_data_weighting_TA1.8_fishing_trol_1.png","Mean length for fishing_trol_1 with 95% confidence intervals based on current samples sizes.",NA,"CompDat",2024-05-15 13:16:07,"StartTime: Wed May 15 13:00:11 2024"
"comp_lendat_flt16mkt0.png","Length comp data, whole catch, fishing_trol_4.<br><br>'N adj.' is the input sample size after data-weighting adjustment. N eff. is the calculated effective sample size used in the McAllister-Ianelli tuning method.",NA,"CompDat",2024-05-15 13:16:07,"StartTime: Wed May 15 13:00:11 2024"
"comp_lendat_bubflt16mkt0.png","Length comp data, whole catch, fishing_trol_4 (max=0.36)",NA,"CompDat",2024-05-15 13:16:07,"StartTime: Wed May 15 13:00:11 2024"
"comp_lendat_data_weighting_TA1.8_fishing_trol_4.png","Mean length for fishing_trol_4 with 95% confidence intervals based on current samples sizes.",NA,"CompDat",2024-05-15 13:16:07,"StartTime: Wed May 15 13:00:11 2024"
"comp_lenfit__aggregated_across_time.png","Length comps, aggregated across time by fleet.
 <br> Labels 'retained' and 'discard' indicate discarded or retained sampled for each fleet. Panels without this designation represent the whole catch.
",NA,"LenComp",2024-05-15 13:16:07,"StartTime: Wed May 15 13:00:11 2024"
"comp_lenfit__page1_multi-fleet_comparison.png","Pearson residuals,  comparing across fleets (plot 1 of 3) <br> 
Closed bubbles are positive residuals (observed > expected) and open bubbles are negative residuals (observed < expected).",NA,"LenComp",2024-05-15 13:16:07,"StartTime: Wed May 15 13:00:11 2024"
"comp_lenfit__page2_multi-fleet_comparison.png","Pearson residuals,  comparing across fleets (plot 2 of 3)",NA,"LenComp",2024-05-15 13:16:07,"StartTime: Wed May 15 13:00:11 2024"
"comp_lenfit__page3_multi-fleet_comparison.png","Pearson residuals,  comparing across fleets (plot 3 of 3)",NA,"LenComp",2024-05-15 13:16:07,"StartTime: Wed May 15 13:00:11 2024"
"comp_lenfit_flt1mkt0.png","Length comps, whole catch, fishing_gi_1.<br><br>'N adj.' is the input sample size after data-weighting adjustment. N eff. is the calculated effective sample size used in the McAllister-Ianelli tuning method.",NA,"LenComp",2024-05-15 13:16:07,"StartTime: Wed May 15 13:00:11 2024"
"comp_lenfit_residsflt1mkt0.png","Pearson residuals, whole catch, fishing_gi_1 (max=9.68) <br> 
Closed bubbles are positive residuals (observed > expected) and open bubbles are negative residuals (observed < expected).",NA,"LenComp",2024-05-15 13:16:07,"StartTime: Wed May 15 13:00:11 2024"
"comp_lenfit_sampsize_flt1mkt0.png","N-EffN comparison, Length comps, whole catch, fishing_gi_1",NA,"LenComp",2024-05-15 13:16:07,"StartTime: Wed May 15 13:00:11 2024"
"comp_lenfit_data_weighting_TA1.8_fishing_gi_1.png","Mean length for fishing_gi_1 with 95% confidence intervals based on current samples sizes.<br>Francis data weighting method TA1.8: thinner intervals (with capped ends) show result of further adjusting sample sizes based on suggested multiplier (with 95% interval) for len data from fishing_gi_1:<br>0.2766 (0.2088-Inf) <br><br>For more info, see<br> <blockquote>Francis, R.I.C.C. (2011). Data weighting in statistical fisheries stock assessment models. <i>Can. J. Fish. Aquat. Sci.</i> 68: 1124-1138.  <a href=https://doi.org/10.1139/f2011-025> https://doi.org/10.1139/f2011-025</a> </blockquote>",NA,"LenComp",2024-05-15 13:16:07,"StartTime: Wed May 15 13:00:11 2024"
"comp_lenfit_flt2mkt0_page1.png","Length comps, whole catch, fishing_gi_4 (plot 1 of 3).<br><br>'N adj.' is the input sample size after data-weighting adjustment. N eff. is the calculated effective sample size used in the McAllister-Ianelli tuning method.",NA,"LenComp",2024-05-15 13:16:07,"StartTime: Wed May 15 13:00:11 2024"
"comp_lenfit_flt2mkt0_page2.png","Length comps, whole catch, fishing_gi_4 (plot 1 of 3).<br><br>'N adj.' is the input sample size after data-weighting adjustment. N eff. is the calculated effective sample size used in the McAllister-Ianelli tuning method. (plot 2 of 3)",NA,"LenComp",2024-05-15 13:16:07,"StartTime: Wed May 15 13:00:11 2024"
"comp_lenfit_flt2mkt0_page3.png","Length comps, whole catch, fishing_gi_4 (plot 1 of 3).<br><br>'N adj.' is the input sample size after data-weighting adjustment. N eff. is the calculated effective sample size used in the McAllister-Ianelli tuning method. (plot 2 of 3) (plot 3 of 3)",NA,"LenComp",2024-05-15 13:16:07,"StartTime: Wed May 15 13:00:11 2024"
"comp_lenfit_residsflt2mkt0_page3.png","Pearson residuals, whole catch, fishing_gi_4 (max=10.98) (plot 3 of 3) <br> 
Closed bubbles are positive residuals (observed > expected) and open bubbles are negative residuals (observed < expected).",NA,"LenComp",2024-05-15 13:16:07,"StartTime: Wed May 15 13:00:11 2024"
"comp_lenfit_sampsize_flt2mkt0.png","N-EffN comparison, Length comps, whole catch, fishing_gi_4",NA,"LenComp",2024-05-15 13:16:07,"StartTime: Wed May 15 13:00:11 2024"
"comp_lenfit_data_weighting_TA1.8_fishing_gi_4.png","Mean length for fishing_gi_4 with 95% confidence intervals based on current samples sizes.<br>Francis data weighting method TA1.8: thinner intervals (with capped ends) show result of further adjusting sample sizes based on suggested multiplier (with 95% interval) for len data from fishing_gi_4:<br>2.1457 (1.4566-4.8181) <br><br>For more info, see<br> <blockquote>Francis, R.I.C.C. (2011). Data weighting in statistical fisheries stock assessment models. <i>Can. J. Fish. Aquat. Sci.</i> 68: 1124-1138.  <a href=https://doi.org/10.1139/f2011-025> https://doi.org/10.1139/f2011-025</a> </blockquote>",NA,"LenComp",2024-05-15 13:16:07,"StartTime: Wed May 15 13:00:11 2024"
"comp_lenfit_flt3mkt0_page1.png","Length comps, whole catch, fishing_hd_1 (plot 1 of 2).<br><br>'N adj.' is the input sample size after data-weighting adjustment. N eff. is the calculated effective sample size used in the McAllister-Ianelli tuning method.",NA,"LenComp",2024-05-15 13:16:07,"StartTime: Wed May 15 13:00:11 2024"
"comp_lenfit_flt3mkt0_page2.png","Length comps, whole catch, fishing_hd_1 (plot 1 of 2).<br><br>'N adj.' is the input sample size after data-weighting adjustment. N eff. is the calculated effective sample size used in the McAllister-Ianelli tuning method. (plot 2 of 2)",NA,"LenComp",2024-05-15 13:16:07,"StartTime: Wed May 15 13:00:11 2024"
"comp_lenfit_residsflt3mkt0_page2.png","Pearson residuals, whole catch, fishing_hd_1 (max=14.66) (plot 2 of 2) <br> 
Closed bubbles are positive residuals (observed > expected) and open bubbles are negative residuals (observed < expected).",NA,"LenComp",2024-05-15 13:16:07,"StartTime: Wed May 15 13:00:11 2024"
"comp_lenfit_sampsize_flt3mkt0.png","N-EffN comparison, Length comps, whole catch, fishing_hd_1",NA,"LenComp",2024-05-15 13:16:07,"StartTime: Wed May 15 13:00:11 2024"
"comp_lenfit_data_weighting_TA1.8_fishing_hd_1.png","Mean length for fishing_hd_1 with 95% confidence intervals based on current samples sizes.<br>Francis data weighting method TA1.8: thinner intervals (with capped ends) show result of further adjusting sample sizes based on suggested multiplier (with 95% interval) for len data from fishing_hd_1:<br>0.3673 (0.2312-1.7629) <br><br>For more info, see<br> <blockquote>Francis, R.I.C.C. (2011). Data weighting in statistical fisheries stock assessment models. <i>Can. J. Fish. Aquat. Sci.</i> 68: 1124-1138.  <a href=https://doi.org/10.1139/f2011-025> https://doi.org/10.1139/f2011-025</a> </blockquote>",NA,"LenComp",2024-05-15 13:16:07,"StartTime: Wed May 15 13:00:11 2024"
"comp_lenfit_flt4mkt0_page1.png","Length comps, whole catch, fishing_ll_1 (plot 1 of 7).<br><br>'N adj.' is the input sample size after data-weighting adjustment. N eff. is the calculated effective sample size used in the McAllister-Ianelli tuning method.",NA,"LenComp",2024-05-15 13:16:07,"StartTime: Wed May 15 13:00:11 2024"
"comp_lenfit_flt4mkt0_page2.png","Length comps, whole catch, fishing_ll_1 (plot 1 of 7).<br><br>'N adj.' is the input sample size after data-weighting adjustment. N eff. is the calculated effective sample size used in the McAllister-Ianelli tuning method. (plot 2 of 7)",NA,"LenComp",2024-05-15 13:16:07,"StartTime: Wed May 15 13:00:11 2024"
"comp_lenfit_flt4mkt0_page3.png","Length comps, whole catch, fishing_ll_1 (plot 1 of 7).<br><br>'N adj.' is the input sample size after data-weighting adjustment. N eff. is the calculated effective sample size used in the McAllister-Ianelli tuning method. (plot 2 of 7) (plot 3 of 7)",NA,"LenComp",2024-05-15 13:16:07,"StartTime: Wed May 15 13:00:11 2024"
"comp_lenfit_flt4mkt0_page4.png","Length comps, whole catch, fishing_ll_1 (plot 1 of 7).<br><br>'N adj.' is the input sample size after data-weighting adjustment. N eff. is the calculated effective sample size used in the McAllister-Ianelli tuning method. (plot 2 of 7) (plot 3 of 7) (plot 4 of 7)",NA,"LenComp",2024-05-15 13:16:07,"StartTime: Wed May 15 13:00:11 2024"
"comp_lenfit_flt4mkt0_page5.png","Length comps, whole catch, fishing_ll_1 (plot 1 of 7).<br><br>'N adj.' is the input sample size after data-weighting adjustment. N eff. is the calculated effective sample size used in the McAllister-Ianelli tuning method. (plot 2 of 7) (plot 3 of 7) (plot 4 of 7) (plot 5 of 7)",NA,"LenComp",2024-05-15 13:16:07,"StartTime: Wed May 15 13:00:11 2024"
"comp_lenfit_flt4mkt0_page6.png","Length comps, whole catch, fishing_ll_1 (plot 1 of 7).<br><br>'N adj.' is the input sample size after data-weighting adjustment. N eff. is the calculated effective sample size used in the McAllister-Ianelli tuning method. (plot 2 of 7) (plot 3 of 7) (plot 4 of 7) (plot 5 of 7) (plot 6 of 7)",NA,"LenComp",2024-05-15 13:16:07,"StartTime: Wed May 15 13:00:11 2024"
"comp_lenfit_flt4mkt0_page7.png","Length comps, whole catch, fishing_ll_1 (plot 1 of 7).<br><br>'N adj.' is the input sample size after data-weighting adjustment. N eff. is the calculated effective sample size used in the McAllister-Ianelli tuning method. (plot 2 of 7) (plot 3 of 7) (plot 4 of 7) (plot 5 of 7) (plot 6 of 7) (plot 7 of 7)",NA,"LenComp",2024-05-15 13:16:07,"StartTime: Wed May 15 13:00:11 2024"
"comp_lenfit_residsflt4mkt0_page7.png","Pearson residuals, whole catch, fishing_ll_1 (max=35.23) (plot 7 of 7) <br> 
Closed bubbles are positive residuals (observed > expected) and open bubbles are negative residuals (observed < expected).",NA,"LenComp",2024-05-15 13:16:07,"StartTime: Wed May 15 13:00:11 2024"
"comp_lenfit_sampsize_flt4mkt0.png","N-EffN comparison, Length comps, whole catch, fishing_ll_1",NA,"LenComp",2024-05-15 13:16:07,"StartTime: Wed May 15 13:00:11 2024"
"comp_lenfit_data_weighting_TA1.8_fishing_ll_1.png","Mean length for fishing_ll_1 with 95% confidence intervals based on current samples sizes.<br>Francis data weighting method TA1.8: thinner intervals (with capped ends) show result of further adjusting sample sizes based on suggested multiplier (with 95% interval) for len data from fishing_ll_1:<br>0.3482 (0.2577-0.5203) <br><br>For more info, see<br> <blockquote>Francis, R.I.C.C. (2011). Data weighting in statistical fisheries stock assessment models. <i>Can. J. Fish. Aquat. Sci.</i> 68: 1124-1138.  <a href=https://doi.org/10.1139/f2011-025> https://doi.org/10.1139/f2011-025</a> </blockquote>",NA,"LenComp",2024-05-15 13:16:07,"StartTime: Wed May 15 13:00:11 2024"
"comp_lenfit_flt5mkt0_page1.png","Length comps, whole catch, fishing_ll_2 (plot 1 of 4).<br><br>'N adj.' is the input sample size after data-weighting adjustment. N eff. is the calculated effective sample size used in the McAllister-Ianelli tuning method.",NA,"LenComp",2024-05-15 13:16:07,"StartTime: Wed May 15 13:00:11 2024"
"comp_lenfit_flt5mkt0_page2.png","Length comps, whole catch, fishing_ll_2 (plot 1 of 4).<br><br>'N adj.' is the input sample size after data-weighting adjustment. N eff. is the calculated effective sample size used in the McAllister-Ianelli tuning method. (plot 2 of 4)",NA,"LenComp",2024-05-15 13:16:07,"StartTime: Wed May 15 13:00:11 2024"
"comp_lenfit_flt5mkt0_page3.png","Length comps, whole catch, fishing_ll_2 (plot 1 of 4).<br><br>'N adj.' is the input sample size after data-weighting adjustment. N eff. is the calculated effective sample size used in the McAllister-Ianelli tuning method. (plot 2 of 4) (plot 3 of 4)",NA,"LenComp",2024-05-15 13:16:07,"StartTime: Wed May 15 13:00:11 2024"
"comp_lenfit_flt5mkt0_page4.png","Length comps, whole catch, fishing_ll_2 (plot 1 of 4).<br><br>'N adj.' is the input sample size after data-weighting adjustment. N eff. is the calculated effective sample size used in the McAllister-Ianelli tuning method. (plot 2 of 4) (plot 3 of 4) (plot 4 of 4)",NA,"LenComp",2024-05-15 13:16:07,"StartTime: Wed May 15 13:00:11 2024"
"comp_lenfit_residsflt5mkt0_page4.png","Pearson residuals, whole catch, fishing_ll_2 (max=129.78) (plot 4 of 4) <br> 
Closed bubbles are positive residuals (observed > expected) and open bubbles are negative residuals (observed < expected).",NA,"LenComp",2024-05-15 13:16:07,"StartTime: Wed May 15 13:00:11 2024"
"comp_lenfit_sampsize_flt5mkt0.png","N-EffN comparison, Length comps, whole catch, fishing_ll_2",NA,"LenComp",2024-05-15 13:16:07,"StartTime: Wed May 15 13:00:11 2024"
"comp_lenfit_data_weighting_TA1.8_fishing_ll_2.png","Mean length for fishing_ll_2 with 95% confidence intervals based on current samples sizes.<br>Francis data weighting method TA1.8: thinner intervals (with capped ends) show result of further adjusting sample sizes based on suggested multiplier (with 95% interval) for len data from fishing_ll_2:<br>0.1358 (0.0867-0.2704) <br><br>For more info, see<br> <blockquote>Francis, R.I.C.C. (2011). Data weighting in statistical fisheries stock assessment models. <i>Can. J. Fish. Aquat. Sci.</i> 68: 1124-1138.  <a href=https://doi.org/10.1139/f2011-025> https://doi.org/10.1139/f2011-025</a> </blockquote>",NA,"LenComp",2024-05-15 13:16:07,"StartTime: Wed May 15 13:00:11 2024"
"comp_lenfit_flt6mkt0.png","Length comps, whole catch, fishing_ll_3.<br><br>'N adj.' is the input sample size after data-weighting adjustment. N eff. is the calculated effective sample size used in the McAllister-Ianelli tuning method.",NA,"LenComp",2024-05-15 13:16:07,"StartTime: Wed May 15 13:00:11 2024"
"comp_lenfit_residsflt6mkt0.png","Pearson residuals, whole catch, fishing_ll_3 (max=18.11) <br> 
Closed bubbles are positive residuals (observed > expected) and open bubbles are negative residuals (observed < expected).",NA,"LenComp",2024-05-15 13:16:07,"StartTime: Wed May 15 13:00:11 2024"
"comp_lenfit_sampsize_flt6mkt0.png","N-EffN comparison, Length comps, whole catch, fishing_ll_3",NA,"LenComp",2024-05-15 13:16:07,"StartTime: Wed May 15 13:00:11 2024"
"comp_lenfit_data_weighting_TA1.8_fishing_ll_3.png","Mean length for fishing_ll_3 with 95% confidence intervals based on current samples sizes.<br>Francis data weighting method TA1.8: thinner intervals (with capped ends) show result of further adjusting sample sizes based on suggested multiplier (with 95% interval) for len data from fishing_ll_3:<br>0.0918 (0.0622-0.5435) <br><br>For more info, see<br> <blockquote>Francis, R.I.C.C. (2011). Data weighting in statistical fisheries stock assessment models. <i>Can. J. Fish. Aquat. Sci.</i> 68: 1124-1138.  <a href=https://doi.org/10.1139/f2011-025> https://doi.org/10.1139/f2011-025</a> </blockquote>",NA,"LenComp",2024-05-15 13:16:07,"StartTime: Wed May 15 13:00:11 2024"
"comp_lenfit_flt7mkt0_page1.png","Length comps, whole catch, fishing_ll_4 (plot 1 of 8).<br><br>'N adj.' is the input sample size after data-weighting adjustment. N eff. is the calculated effective sample size used in the McAllister-Ianelli tuning method.",NA,"LenComp",2024-05-15 13:16:07,"StartTime: Wed May 15 13:00:11 2024"
"comp_lenfit_flt7mkt0_page2.png","Length comps, whole catch, fishing_ll_4 (plot 1 of 8).<br><br>'N adj.' is the input sample size after data-weighting adjustment. N eff. is the calculated effective sample size used in the McAllister-Ianelli tuning method. (plot 2 of 8)",NA,"LenComp",2024-05-15 13:16:07,"StartTime: Wed May 15 13:00:11 2024"
"comp_lenfit_flt7mkt0_page3.png","Length comps, whole catch, fishing_ll_4 (plot 1 of 8).<br><br>'N adj.' is the input sample size after data-weighting adjustment. N eff. is the calculated effective sample size used in the McAllister-Ianelli tuning method. (plot 2 of 8) (plot 3 of 8)",NA,"LenComp",2024-05-15 13:16:07,"StartTime: Wed May 15 13:00:11 2024"
"comp_lenfit_flt7mkt0_page4.png","Length comps, whole catch, fishing_ll_4 (plot 1 of 8).<br><br>'N adj.' is the input sample size after data-weighting adjustment. N eff. is the calculated effective sample size used in the McAllister-Ianelli tuning method. (plot 2 of 8) (plot 3 of 8) (plot 4 of 8)",NA,"LenComp",2024-05-15 13:16:07,"StartTime: Wed May 15 13:00:11 2024"
"comp_lenfit_flt7mkt0_page5.png","Length comps, whole catch, fishing_ll_4 (plot 1 of 8).<br><br>'N adj.' is the input sample size after data-weighting adjustment. N eff. is the calculated effective sample size used in the McAllister-Ianelli tuning method. (plot 2 of 8) (plot 3 of 8) (plot 4 of 8) (plot 5 of 8)",NA,"LenComp",2024-05-15 13:16:07,"StartTime: Wed May 15 13:00:11 2024"
"comp_lenfit_flt7mkt0_page6.png","Length comps, whole catch, fishing_ll_4 (plot 1 of 8).<br><br>'N adj.' is the input sample size after data-weighting adjustment. N eff. is the calculated effective sample size used in the McAllister-Ianelli tuning method. (plot 2 of 8) (plot 3 of 8) (plot 4 of 8) (plot 5 of 8) (plot 6 of 8)",NA,"LenComp",2024-05-15 13:16:07,"StartTime: Wed May 15 13:00:11 2024"
"comp_lenfit_flt7mkt0_page7.png","Length comps, whole catch, fishing_ll_4 (plot 1 of 8).<br><br>'N adj.' is the input sample size after data-weighting adjustment. N eff. is the calculated effective sample size used in the McAllister-Ianelli tuning method. (plot 2 of 8) (plot 3 of 8) (plot 4 of 8) (plot 5 of 8) (plot 6 of 8) (plot 7 of 8)",NA,"LenComp",2024-05-15 13:16:07,"StartTime: Wed May 15 13:00:11 2024"
"comp_lenfit_flt7mkt0_page8.png","Length comps, whole catch, fishing_ll_4 (plot 1 of 8).<br><br>'N adj.' is the input sample size after data-weighting adjustment. N eff. is the calculated effective sample size used in the McAllister-Ianelli tuning method. (plot 2 of 8) (plot 3 of 8) (plot 4 of 8) (plot 5 of 8) (plot 6 of 8) (plot 7 of 8) (plot 8 of 8)",NA,"LenComp",2024-05-15 13:16:07,"StartTime: Wed May 15 13:00:11 2024"
"comp_lenfit_residsflt7mkt0_page8.png","Pearson residuals, whole catch, fishing_ll_4 (max=10.05) (plot 8 of 8) <br> 
Closed bubbles are positive residuals (observed > expected) and open bubbles are negative residuals (observed < expected).",NA,"LenComp",2024-05-15 13:16:07,"StartTime: Wed May 15 13:00:11 2024"
"comp_lenfit_sampsize_flt7mkt0.png","N-EffN comparison, Length comps, whole catch, fishing_ll_4",NA,"LenComp",2024-05-15 13:16:07,"StartTime: Wed May 15 13:00:11 2024"
"comp_lenfit_data_weighting_TA1.8_fishing_ll_4.png","Mean length for fishing_ll_4 with 95% confidence intervals based on current samples sizes.<br>Francis data weighting method TA1.8: thinner intervals (with capped ends) show result of further adjusting sample sizes based on suggested multiplier (with 95% interval) for len data from fishing_ll_4:<br>0.808 (0.4992-1.5853) <br><br>For more info, see<br> <blockquote>Francis, R.I.C.C. (2011). Data weighting in statistical fisheries stock assessment models. <i>Can. J. Fish. Aquat. Sci.</i> 68: 1124-1138.  <a href=https://doi.org/10.1139/f2011-025> https://doi.org/10.1139/f2011-025</a> </blockquote>",NA,"LenComp",2024-05-15 13:16:07,"StartTime: Wed May 15 13:00:11 2024"
"comp_lenfit_flt8mkt0_page1.png","Length comps, whole catch, fishing_other_1 (plot 1 of 3).<br><br>'N adj.' is the input sample size after data-weighting adjustment. N eff. is the calculated effective sample size used in the McAllister-Ianelli tuning method.",NA,"LenComp",2024-05-15 13:16:07,"StartTime: Wed May 15 13:00:11 2024"
"comp_lenfit_flt8mkt0_page2.png","Length comps, whole catch, fishing_other_1 (plot 1 of 3).<br><br>'N adj.' is the input sample size after data-weighting adjustment. N eff. is the calculated effective sample size used in the McAllister-Ianelli tuning method. (plot 2 of 3)",NA,"LenComp",2024-05-15 13:16:07,"StartTime: Wed May 15 13:00:11 2024"
"comp_lenfit_flt8mkt0_page3.png","Length comps, whole catch, fishing_other_1 (plot 1 of 3).<br><br>'N adj.' is the input sample size after data-weighting adjustment. N eff. is the calculated effective sample size used in the McAllister-Ianelli tuning method. (plot 2 of 3) (plot 3 of 3)",NA,"LenComp",2024-05-15 13:16:07,"StartTime: Wed May 15 13:00:11 2024"
"comp_lenfit_residsflt8mkt0_page3.png","Pearson residuals, whole catch, fishing_other_1 (max=75.42) (plot 3 of 3) <br> 
Closed bubbles are positive residuals (observed > expected) and open bubbles are negative residuals (observed < expected).",NA,"LenComp",2024-05-15 13:16:07,"StartTime: Wed May 15 13:00:11 2024"
"comp_lenfit_sampsize_flt8mkt0.png","N-EffN comparison, Length comps, whole catch, fishing_other_1",NA,"LenComp",2024-05-15 13:16:07,"StartTime: Wed May 15 13:00:11 2024"
"comp_lenfit_data_weighting_TA1.8_fishing_other_1.png","Mean length for fishing_other_1 with 95% confidence intervals based on current samples sizes.<br>Francis data weighting method TA1.8: thinner intervals (with capped ends) show result of further adjusting sample sizes based on suggested multiplier (with 95% interval) for len data from fishing_other_1:<br>0.288 (0.1772-1.3348) <br><br>For more info, see<br> <blockquote>Francis, R.I.C.C. (2011). Data weighting in statistical fisheries stock assessment models. <i>Can. J. Fish. Aquat. Sci.</i> 68: 1124-1138.  <a href=https://doi.org/10.1139/f2011-025> https://doi.org/10.1139/f2011-025</a> </blockquote>",NA,"LenComp",2024-05-15 13:16:07,"StartTime: Wed May 15 13:00:11 2024"
"comp_lenfit_flt9mkt0.png","Length comps, whole catch, fishing_other_4.<br><br>'N adj.' is the input sample size after data-weighting adjustment. N eff. is the calculated effective sample size used in the McAllister-Ianelli tuning method.",NA,"LenComp",2024-05-15 13:16:07,"StartTime: Wed May 15 13:00:11 2024"
"comp_lenfit_residsflt9mkt0.png","Pearson residuals, whole catch, fishing_other_4 (max=18.03) <br> 
Closed bubbles are positive residuals (observed > expected) and open bubbles are negative residuals (observed < expected).",NA,"LenComp",2024-05-15 13:16:07,"StartTime: Wed May 15 13:00:11 2024"
"comp_lenfit_sampsize_flt9mkt0.png","N-EffN comparison, Length comps, whole catch, fishing_other_4",NA,"LenComp",2024-05-15 13:16:07,"StartTime: Wed May 15 13:00:11 2024"
"comp_lenfit_data_weighting_TA1.8_fishing_other_4.png","Mean length for fishing_other_4 with 95% confidence intervals based on current samples sizes.<br>Francis data weighting method TA1.8: thinner intervals (with capped ends) show result of further adjusting sample sizes based on suggested multiplier (with 95% interval) for len data from fishing_other_4:<br>0.2151 (0.1493-0.6635) <br><br>For more info, see<br> <blockquote>Francis, R.I.C.C. (2011). Data weighting in statistical fisheries stock assessment models. <i>Can. J. Fish. Aquat. Sci.</i> 68: 1124-1138.  <a href=https://doi.org/10.1139/f2011-025> https://doi.org/10.1139/f2011-025</a> </blockquote>",NA,"LenComp",2024-05-15 13:16:07,"StartTime: Wed May 15 13:00:11 2024"
"comp_lenfit_flt10mkt0_page1.png","Length comps, whole catch, fishing_bb_1 (plot 1 of 5).<br><br>'N adj.' is the input sample size after data-weighting adjustment. N eff. is the calculated effective sample size used in the McAllister-Ianelli tuning method.",NA,"LenComp",2024-05-15 13:16:07,"StartTime: Wed May 15 13:00:11 2024"
"comp_lenfit_flt10mkt0_page2.png","Length comps, whole catch, fishing_bb_1 (plot 1 of 5).<br><br>'N adj.' is the input sample size after data-weighting adjustment. N eff. is the calculated effective sample size used in the McAllister-Ianelli tuning method. (plot 2 of 5)",NA,"LenComp",2024-05-15 13:16:07,"StartTime: Wed May 15 13:00:11 2024"
"comp_lenfit_flt10mkt0_page3.png","Length comps, whole catch, fishing_bb_1 (plot 1 of 5).<br><br>'N adj.' is the input sample size after data-weighting adjustment. N eff. is the calculated effective sample size used in the McAllister-Ianelli tuning method. (plot 2 of 5) (plot 3 of 5)",NA,"LenComp",2024-05-15 13:16:07,"StartTime: Wed May 15 13:00:11 2024"
"comp_lenfit_flt10mkt0_page4.png","Length comps, whole catch, fishing_bb_1 (plot 1 of 5).<br><br>'N adj.' is the input sample size after data-weighting adjustment. N eff. is the calculated effective sample size used in the McAllister-Ianelli tuning method. (plot 2 of 5) (plot 3 of 5) (plot 4 of 5)",NA,"LenComp",2024-05-15 13:16:07,"StartTime: Wed May 15 13:00:11 2024"
"comp_lenfit_flt10mkt0_page5.png","Length comps, whole catch, fishing_bb_1 (plot 1 of 5).<br><br>'N adj.' is the input sample size after data-weighting adjustment. N eff. is the calculated effective sample size used in the McAllister-Ianelli tuning method. (plot 2 of 5) (plot 3 of 5) (plot 4 of 5) (plot 5 of 5)",NA,"LenComp",2024-05-15 13:16:07,"StartTime: Wed May 15 13:00:11 2024"
"comp_lenfit_residsflt10mkt0_page5.png","Pearson residuals, whole catch, fishing_bb_1 (max=184.48) (plot 5 of 5) <br> 
Closed bubbles are positive residuals (observed > expected) and open bubbles are negative residuals (observed < expected).",NA,"LenComp",2024-05-15 13:16:07,"StartTime: Wed May 15 13:00:11 2024"
"comp_lenfit_sampsize_flt10mkt0.png","N-EffN comparison, Length comps, whole catch, fishing_bb_1",NA,"LenComp",2024-05-15 13:16:07,"StartTime: Wed May 15 13:00:11 2024"
"comp_lenfit_data_weighting_TA1.8_fishing_bb_1.png","Mean length for fishing_bb_1 with 95% confidence intervals based on current samples sizes.<br>Francis data weighting method TA1.8: thinner intervals (with capped ends) show result of further adjusting sample sizes based on suggested multiplier (with 95% interval) for len data from fishing_bb_1:<br>0.9073 (0.6439-1.6252) <br><br>For more info, see<br> <blockquote>Francis, R.I.C.C. (2011). Data weighting in statistical fisheries stock assessment models. <i>Can. J. Fish. Aquat. Sci.</i> 68: 1124-1138.  <a href=https://doi.org/10.1139/f2011-025> https://doi.org/10.1139/f2011-025</a> </blockquote>",NA,"LenComp",2024-05-15 13:16:07,"StartTime: Wed May 15 13:00:11 2024"
"comp_lenfit_flt11mkt0_page1.png","Length comps, whole catch, fishing_ps_1 (plot 1 of 6).<br><br>'N adj.' is the input sample size after data-weighting adjustment. N eff. is the calculated effective sample size used in the McAllister-Ianelli tuning method.",NA,"LenComp",2024-05-15 13:16:07,"StartTime: Wed May 15 13:00:11 2024"
"comp_lenfit_flt11mkt0_page2.png","Length comps, whole catch, fishing_ps_1 (plot 1 of 6).<br><br>'N adj.' is the input sample size after data-weighting adjustment. N eff. is the calculated effective sample size used in the McAllister-Ianelli tuning method. (plot 2 of 6)",NA,"LenComp",2024-05-15 13:16:07,"StartTime: Wed May 15 13:00:11 2024"
"comp_lenfit_flt11mkt0_page3.png","Length comps, whole catch, fishing_ps_1 (plot 1 of 6).<br><br>'N adj.' is the input sample size after data-weighting adjustment. N eff. is the calculated effective sample size used in the McAllister-Ianelli tuning method. (plot 2 of 6) (plot 3 of 6)",NA,"LenComp",2024-05-15 13:16:07,"StartTime: Wed May 15 13:00:11 2024"
"comp_lenfit_flt11mkt0_page4.png","Length comps, whole catch, fishing_ps_1 (plot 1 of 6).<br><br>'N adj.' is the input sample size after data-weighting adjustment. N eff. is the calculated effective sample size used in the McAllister-Ianelli tuning method. (plot 2 of 6) (plot 3 of 6) (plot 4 of 6)",NA,"LenComp",2024-05-15 13:16:07,"StartTime: Wed May 15 13:00:11 2024"
"comp_lenfit_flt11mkt0_page5.png","Length comps, whole catch, fishing_ps_1 (plot 1 of 6).<br><br>'N adj.' is the input sample size after data-weighting adjustment. N eff. is the calculated effective sample size used in the McAllister-Ianelli tuning method. (plot 2 of 6) (plot 3 of 6) (plot 4 of 6) (plot 5 of 6)",NA,"LenComp",2024-05-15 13:16:07,"StartTime: Wed May 15 13:00:11 2024"
"comp_lenfit_flt11mkt0_page6.png","Length comps, whole catch, fishing_ps_1 (plot 1 of 6).<br><br>'N adj.' is the input sample size after data-weighting adjustment. N eff. is the calculated effective sample size used in the McAllister-Ianelli tuning method. (plot 2 of 6) (plot 3 of 6) (plot 4 of 6) (plot 5 of 6) (plot 6 of 6)",NA,"LenComp",2024-05-15 13:16:07,"StartTime: Wed May 15 13:00:11 2024"
"comp_lenfit_residsflt11mkt0_page6.png","Pearson residuals, whole catch, fishing_ps_1 (max=40.84) (plot 6 of 6) <br> 
Closed bubbles are positive residuals (observed > expected) and open bubbles are negative residuals (observed < expected).",NA,"LenComp",2024-05-15 13:16:07,"StartTime: Wed May 15 13:00:11 2024"
"comp_lenfit_sampsize_flt11mkt0.png","N-EffN comparison, Length comps, whole catch, fishing_ps_1",NA,"LenComp",2024-05-15 13:16:07,"StartTime: Wed May 15 13:00:11 2024"
"comp_lenfit_data_weighting_TA1.8_fishing_ps_1.png","Mean length for fishing_ps_1 with 95% confidence intervals based on current samples sizes.<br>Francis data weighting method TA1.8: thinner intervals (with capped ends) show result of further adjusting sample sizes based on suggested multiplier (with 95% interval) for len data from fishing_ps_1:<br>1.4769 (0.9998-2.6514) <br><br>For more info, see<br> <blockquote>Francis, R.I.C.C. (2011). Data weighting in statistical fisheries stock assessment models. <i>Can. J. Fish. Aquat. Sci.</i> 68: 1124-1138.  <a href=https://doi.org/10.1139/f2011-025> https://doi.org/10.1139/f2011-025</a> </blockquote>",NA,"LenComp",2024-05-15 13:16:07,"StartTime: Wed May 15 13:00:11 2024"
"comp_lenfit_flt12mkt0_page1.png","Length comps, whole catch, fishing_ps_2 (plot 1 of 3).<br><br>'N adj.' is the input sample size after data-weighting adjustment. N eff. is the calculated effective sample size used in the McAllister-Ianelli tuning method.",NA,"LenComp",2024-05-15 13:16:07,"StartTime: Wed May 15 13:00:11 2024"
"comp_lenfit_flt12mkt0_page2.png","Length comps, whole catch, fishing_ps_2 (plot 1 of 3).<br><br>'N adj.' is the input sample size after data-weighting adjustment. N eff. is the calculated effective sample size used in the McAllister-Ianelli tuning method. (plot 2 of 3)",NA,"LenComp",2024-05-15 13:16:07,"StartTime: Wed May 15 13:00:11 2024"
"comp_lenfit_flt12mkt0_page3.png","Length comps, whole catch, fishing_ps_2 (plot 1 of 3).<br><br>'N adj.' is the input sample size after data-weighting adjustment. N eff. is the calculated effective sample size used in the McAllister-Ianelli tuning method. (plot 2 of 3) (plot 3 of 3)",NA,"LenComp",2024-05-15 13:16:07,"StartTime: Wed May 15 13:00:11 2024"
"comp_lenfit_residsflt12mkt0_page3.png","Pearson residuals, whole catch, fishing_ps_2 (max=7.58) (plot 3 of 3) <br> 
Closed bubbles are positive residuals (observed > expected) and open bubbles are negative residuals (observed < expected).",NA,"LenComp",2024-05-15 13:16:07,"StartTime: Wed May 15 13:00:11 2024"
"comp_lenfit_sampsize_flt12mkt0.png","N-EffN comparison, Length comps, whole catch, fishing_ps_2",NA,"LenComp",2024-05-15 13:16:07,"StartTime: Wed May 15 13:00:11 2024"
"comp_lenfit_data_weighting_TA1.8_fishing_ps_2.png","Mean length for fishing_ps_2 with 95% confidence intervals based on current samples sizes.<br>Francis data weighting method TA1.8: thinner intervals (with capped ends) show result of further adjusting sample sizes based on suggested multiplier (with 95% interval) for len data from fishing_ps_2:<br>1.2534 (0.9053-2.0715) <br><br>For more info, see<br> <blockquote>Francis, R.I.C.C. (2011). Data weighting in statistical fisheries stock assessment models. <i>Can. J. Fish. Aquat. Sci.</i> 68: 1124-1138.  <a href=https://doi.org/10.1139/f2011-025> https://doi.org/10.1139/f2011-025</a> </blockquote>",NA,"LenComp",2024-05-15 13:16:07,"StartTime: Wed May 15 13:00:11 2024"
"comp_lenfit_flt13mkt0_page1.png","Length comps, whole catch, fishing_ps_4 (plot 1 of 2).<br><br>'N adj.' is the input sample size after data-weighting adjustment. N eff. is the calculated effective sample size used in the McAllister-Ianelli tuning method.",NA,"LenComp",2024-05-15 13:16:07,"StartTime: Wed May 15 13:00:11 2024"
"comp_lenfit_flt13mkt0_page2.png","Length comps, whole catch, fishing_ps_4 (plot 1 of 2).<br><br>'N adj.' is the input sample size after data-weighting adjustment. N eff. is the calculated effective sample size used in the McAllister-Ianelli tuning method. (plot 2 of 2)",NA,"LenComp",2024-05-15 13:16:07,"StartTime: Wed May 15 13:00:11 2024"
"comp_lenfit_residsflt13mkt0_page2.png","Pearson residuals, whole catch, fishing_ps_4 (max=19.51) (plot 2 of 2) <br> 
Closed bubbles are positive residuals (observed > expected) and open bubbles are negative residuals (observed < expected).",NA,"LenComp",2024-05-15 13:16:07,"StartTime: Wed May 15 13:00:11 2024"
"comp_lenfit_sampsize_flt13mkt0.png","N-EffN comparison, Length comps, whole catch, fishing_ps_4",NA,"LenComp",2024-05-15 13:16:07,"StartTime: Wed May 15 13:00:11 2024"
"comp_lenfit_data_weighting_TA1.8_fishing_ps_4.png","Mean length for fishing_ps_4 with 95% confidence intervals based on current samples sizes.<br>Francis data weighting method TA1.8: thinner intervals (with capped ends) show result of further adjusting sample sizes based on suggested multiplier (with 95% interval) for len data from fishing_ps_4:<br>0.362 (0.2553-0.6844) <br><br>For more info, see<br> <blockquote>Francis, R.I.C.C. (2011). Data weighting in statistical fisheries stock assessment models. <i>Can. J. Fish. Aquat. Sci.</i> 68: 1124-1138.  <a href=https://doi.org/10.1139/f2011-025> https://doi.org/10.1139/f2011-025</a> </blockquote>",NA,"LenComp",2024-05-15 13:16:07,"StartTime: Wed May 15 13:00:11 2024"
"comp_lenfit_flt14mkt0.png","Length comps, whole catch, fishing_trol_1.<br><br>'N adj.' is the input sample size after data-weighting adjustment. N eff. is the calculated effective sample size used in the McAllister-Ianelli tuning method.",NA,"LenComp",2024-05-15 13:16:07,"StartTime: Wed May 15 13:00:11 2024"
"comp_lenfit_residsflt14mkt0.png","Pearson residuals, whole catch, fishing_trol_1 (max=3.35) <br> 
Closed bubbles are positive residuals (observed > expected) and open bubbles are negative residuals (observed < expected).",NA,"LenComp",2024-05-15 13:16:07,"StartTime: Wed May 15 13:00:11 2024"
"comp_lenfit_sampsize_flt14mkt0.png","N-EffN comparison, Length comps, whole catch, fishing_trol_1",NA,"LenComp",2024-05-15 13:16:07,"StartTime: Wed May 15 13:00:11 2024"
"comp_lenfit_data_weighting_TA1.8_fishing_trol_1.png","Mean length for fishing_trol_1 with 95% confidence intervals based on current samples sizes.<br>Francis data weighting method TA1.8: too few points to calculate adjustments. <br><br>For more info, see<br> <blockquote>Francis, R.I.C.C. (2011). Data weighting in statistical fisheries stock assessment models. <i>Can. J. Fish. Aquat. Sci.</i> 68: 1124-1138.  <a href=https://doi.org/10.1139/f2011-025> https://doi.org/10.1139/f2011-025</a> </blockquote>",NA,"LenComp",2024-05-15 13:16:07,"StartTime: Wed May 15 13:00:11 2024"
"comp_lenfit_flt16mkt0.png","Length comps, whole catch, fishing_trol_4.<br><br>'N adj.' is the input sample size after data-weighting adjustment. N eff. is the calculated effective sample size used in the McAllister-Ianelli tuning method.",NA,"LenComp",2024-05-15 13:16:07,"StartTime: Wed May 15 13:00:11 2024"
"comp_lenfit_residsflt16mkt0.png","Pearson residuals, whole catch, fishing_trol_4 (max=8.23) <br> 
Closed bubbles are positive residuals (observed > expected) and open bubbles are negative residuals (observed < expected).",NA,"LenComp",2024-05-15 13:16:07,"StartTime: Wed May 15 13:00:11 2024"
"comp_lenfit_sampsize_flt16mkt0.png","N-EffN comparison, Length comps, whole catch, fishing_trol_4",NA,"LenComp",2024-05-15 13:16:07,"StartTime: Wed May 15 13:00:11 2024"
"comp_lenfit_data_weighting_TA1.8_fishing_trol_4.png","Mean length for fishing_trol_4 with 95% confidence intervals based on current samples sizes.<br>Francis data weighting method TA1.8: thinner intervals (with capped ends) show result of further adjusting sample sizes based on suggested multiplier (with 95% interval) for len data from fishing_trol_4:<br>1.5899 (0.9205-7.5591) <br><br>For more info, see<br> <blockquote>Francis, R.I.C.C. (2011). Data weighting in statistical fisheries stock assessment models. <i>Can. J. Fish. Aquat. Sci.</i> 68: 1124-1138.  <a href=https://doi.org/10.1139/f2011-025> https://doi.org/10.1139/f2011-025</a> </blockquote>",NA,"LenComp",2024-05-15 13:16:07,"StartTime: Wed May 15 13:00:11 2024"
"yield1_yield_curve.png","Yield curve",NA,"Yield",2024-05-15 13:16:07,"StartTime: Wed May 15 13:00:11 2024"
"yield2_yield_curve_with_refpoints.png","Yield curve with reference points",NA,"Yield",2024-05-15 13:16:07,"StartTime: Wed May 15 13:00:11 2024"
"yield3_surplus_production.png","Surplus production vs. biomass plot. For interpretation, see<br> <blockquote>Walters, Hilborn, and  Christensen, 2008, Surplus production dynamics in declining and recovering fish populations. <i>Can. J. Fish. Aquat. Sci.</i> 65: 2536-2551.</blockquote>",NA,"Yield",2024-05-15 13:16:07,"StartTime: Wed May 15 13:00:11 2024"
"yield4_YPR_timeseries.png","Time series of yield per recruit (kg)",NA,"Yield",2024-05-15 13:16:07,"StartTime: Wed May 15 13:00:11 2024"
"data_plot.png","Data presence by year for each fleet and data type.",NA,"Data",2024-05-15 13:16:07,"StartTime: Wed May 15 13:00:11 2024"
"data_plot2.png","Data presence by year for each fleet, where circle area is <br>  relative within a data type. Circles are proportional to <br>  total catch for catches; to precision for indices, discards, and <br>  mean body weight observations; and to total sample size for <br> compositions and mean weight- or length-at-age observations. <br> 'Ghost' observations (not included in the likelihood) have <br> equal size for all years. <br> Note that since the circles are are scaled relative <br>  to maximum within each type, the scaling within separate plots <br>  should not be compared. <br>This is a seasonal model, so scaling is based on either <br>  the sum of samples within each year (for things like comps) <br>  or the average among observations within a year (for  <br>  things like index uncertainty).",NA,"Data",2024-05-15 13:16:07,"StartTime: Wed May 15 13:00:11 2024"
"parameter_distributions_page1.png","Parameter distribution plots (plot 1 of 5). <br>Deviation parameters are not included. <br>Plotting range is equal to input limits on parameters. Use fitrange = TRUE to scale the range to the estimates.",NA,"Pars",2024-05-15 13:16:07,"StartTime: Wed May 15 13:00:11 2024"
"parameter_distributions_page2.png","Parameter distribution plots (plot 2 of 5).",NA,"Pars",2024-05-15 13:16:07,"StartTime: Wed May 15 13:00:11 2024"
"parameter_distributions_page3.png","Parameter distribution plots (plot 3 of 5).",NA,"Pars",2024-05-15 13:16:07,"StartTime: Wed May 15 13:00:11 2024"
"parameter_distributions_page4.png","Parameter distribution plots (plot 4 of 5).",NA,"Pars",2024-05-15 13:16:07,"StartTime: Wed May 15 13:00:11 2024"
"parameter_distributions_page5.png","Parameter distribution plots (plot 5 of 5).",NA,"Pars",2024-05-15 13:16:07,"StartTime: Wed May 15 13:00:11 2024"
"parameterchecks.html","Table of estimated parameters (excluding deviation parameters) sorted by parameters with the largest gradients; any parameter with a gradient value with an absolute value above 0.001 (for SS 3.30 models) or a parameter on bounds is colored in red.",NA,"DiagnosticTables",2024-05-15 13:16:07,"StartTime: Wed May 15 13:00:11 2024"
"correlationcheck.html","Table of estimated parameters with the ten highest correlation rates, sorted by highest correlations; any parameter with an absolute value of correlation above  is colored in red.",NA,"DiagnosticTables",2024-05-15 13:16:07,"StartTime: Wed May 15 13:00:11 2024"
